date,baseline,trend,seasonality,holidays,promos,price,meta_ads,google_search,youtube,influencers,email,tv,observed_revenue
2023-01-02,5931515.03648176,0.0,41157.92484217546,0.0,0.0,3270.669255533636,304936.3959195683,519639.90065315645,384084.2458318153,96543.12733557144,56061.09528775064,0.5703004056966092,7224874.0
2023-01-09,5931515.03648176,15611.859706409083,128998.6476404729,0.0,0.0,-115781.69164590439,409461.568109099,554596.7376143851,433709.5135531151,114478.98287579737,63211.47987177055,0.9243612585275971,7429501.0
2023-01-16,5931515.03648176,31223.719412818165,201079.47034884055,0.0,0.0,-8503.740064388921,419965.50259943405,607664.5930888433,494617.60794820904,87248.84210999818,66192.99805029758,1.164480018301054,7618402.0
2023-01-23,5931515.03648176,46835.57911922724,255981.72091149492,0.0,0.0,-64105.117408466744,387946.62242865283,586182.5260151882,516785.08029745927,95967.04904330494,65460.8031831839,1.3298013551691366,7956444.0
2023-01-30,5931515.03648176,62447.43882563633,293358.9929508985,0.0,901571.956423463,32706.692555340094,400724.6445735322,621233.430333663,597120.468787752,116117.2140575682,63712.3867442308,1.444404805382068,8968486.0
2023-02-06,5931515.03648176,78059.29853204529,313916.2615533925,0.0,0.0,77187.79443060256,391719.1172849542,628662.7221535438,598905.6838698654,119084.44853600039,67300.69171569636,1.5241644481429888,8272401.0
2023-02-13,5931515.03648176,93671.15823845447,319327.7353860297,0.0,0.0,63450.98355736004,392048.327023091,584369.7341357011,574228.2191358089,108491.73569427141,68833.65586923428,1.5798204949279822,8005088.0
2023-02-20,5931515.03648176,109283.01794486347,312098.78721205826,0.0,0.0,47751.77113079631,401137.8845020127,538788.6573873449,572452.3503073261,119585.77938394042,67148.590578886,1.6187323094367543,8128544.0
2023-02-27,5931515.03648176,124894.87765127266,295380.53239021084,0.0,0.0,-139330.51028574927,411378.0993648733,636236.2874156466,563691.3391644821,114232.23643848252,67809.89894004134,1.6187323094367543,7911143.0
2023-03-06,5931515.03648176,140506.7373576815,272748.3491234617,0.0,0.0,53638.97579075768,397678.5149689403,651170.6673335329,552770.7232769041,127946.9756114665,68507.74769560083,1.6187323094367543,8830803.0
2023-03-13,5931515.03648176,156118.59706409057,247957.69795459622,0.0,0.0,-54947.24349297103,419703.3249993275,612652.6902588867,521208.99961163074,113317.52278737804,68481.37176749813,1.6187323094367543,7571288.0
2023-03-20,5931515.03648176,171730.45677049912,224691.88242216935,0.0,0.0,58872.0465996122,388755.7250067694,562548.6008447147,535952.0715546971,99845.97787360835,67503.13827804751,1.6187323094367543,8350943.0
2023-03-27,5931515.03648176,187342.31647690895,206316.82412853034,0.0,0.0,-60834.448152933175,398713.40447504877,600116.0107328082,522222.41675003985,108477.29864188383,67303.12339511953,1.6187323094367543,8396062.0
2023-04-03,5931515.03648176,202954.1761833174,195657.47932392487,0.0,0.0,-24857.086342058556,452231.68606029835,603186.1729949381,501563.6455145431,68520.88175513748,67102.41310622155,1.6187323094367543,7773856.0
2023-04-10,5931515.03648176,218566.03588972695,194809.2268273083,0.0,0.0,10466.14161770912,425212.2353596543,618101.1930216028,551317.805524529,103456.96574986068,63851.315601174676,1.6187323094367543,8773526.0
2023-04-17,5931515.03648176,234177.8955961353,204995.484262668,0.0,0.0,2616.535404426915,440194.85937413847,591450.1179507542,567840.3359009319,60816.84978864424,66784.92114094135,1.6187323094367543,8367755.0
2023-04-24,5931515.03648176,249789.75530254532,226480.08162220832,0.0,0.0,42518.70032194187,420933.7629987021,599003.9405921622,511022.5501445219,68738.6197611295,63219.03994863787,1.6187323094367543,8348394.0
2023-05-01,5931515.03648176,265401.61500895396,258539.69639943002,0.0,901571.956423463,-29436.023299805718,424049.8606034875,648067.4191869661,536115.9095437311,103794.42876204436,63584.539235014745,1.6187323094367543,9106711.0
2023-05-08,5931515.03648176,281013.474715363,299498.120031992,0.0,0.0,29436.023299805718,413260.8154425501,575688.1897258548,586958.9710747886,111306.87475444654,67951.27303598214,1.6187323094367543,8156927.0
2023-05-15,5931515.03648176,296625.3344217723,346820.4861520171,0.0,0.0,80458.46368613637,408164.17008532846,616336.851738399,611127.9429504884,87602.25232483103,67921.0457787273,1.6187323094367543,8276850.0
2023-05-22,5931515.03648176,312237.19412818115,397262.05823936325,0.0,0.0,83729.13294167086,395560.83527935704,677645.3765545235,622519.3319839378,89147.0373934204,69385.81058738694,1.6187323094367543,8585111.0
2023-05-29,5931515.03648176,327849.05383458966,447062.95267482597,0.0,0.0,-11120.275468815851,412397.5067654283,641942.6927189011,596608.6816853242,129982.91530380907,66265.71562488598,1.6187323094367543,8890433.0
2023-06-05,5931515.03648176,343460.91354099824,492177.4498979165,0.0,0.0,-103353.14847487489,395121.2619842346,611963.452869572,558118.9240173948,102637.40106542148,63885.48116548388,1.6187323094367543,8385717.0
2023-06-12,5931515.03648176,359072.77324740816,528524.4796198927,0.0,0.0,-10466.14161770912,417380.018125773,606930.1430485412,532993.1988018985,156928.22438652586,65133.81412660255,1.6187323094367543,8237548.0
2023-06-19,5931515.03648176,374684.6329538179,552244.5761405737,0.0,0.0,7849.606213281477,432562.97085072653,634122.6943276678,569040.457798403,118873.6034533559,66054.192880146,1.6187323094367543,8841694.0
2023-06-26,5931515.03648176,390296.49266022706,559948.162202491,0.0,0.0,-18969.881682096573,425418.7548483238,576712.5500675007,584791.0049239332,118689.35090526693,66246.94426526573,1.6187323094367543,8780277.0
2023-07-03,5931515.03648176,405908.3523666348,548940.4606767418,0.0,0.0,-85691.53449499035,412758.15004898707,611338.7644627299,625258.3204707798,144844.18808186456,68502.78285320272,1.6187323094367543,8773600.0
2023-07-10,5931515.03648176,421520.21207304427,517409.6281288575,0.0,901571.956423463,-14390.944724349503,422288.8484320006,644257.8444861687,636584.8812226609,119424.87285742574,66028.18650085368,1.6187323094367543,9762753.0
2023-07-17,5931515.03648176,437132.0717794539,464566.77901182434,0.0,0.0,26819.48789537884,411797.5551585023,680700.5120031203,602302.5032433316,96346.03850648584,67001.87000436494,1.6187323094367543,8530340.0
2023-07-24,5931515.03648176,452743.9314858621,390729.304820745,0.0,0.0,-72608.8574728556,431707.1961272214,638308.4660038946,554379.1634406452,104679.16386148272,64522.13533378369,1.6187323094367543,8163014.0
2023-07-31,5931515.03648176,468355.7911922706,297342.1317171275,0.0,0.0,-28127.755597592193,390827.1667739258,636212.9881369089,560820.9495732478,107141.76176431947,66945.4476799676,1.6187323094367543,8100075.0
2023-08-07,5931515.03648176,483967.6508986795,186935.11641233193,0.0,0.0,-100736.61307044805,402438.3408570906,601332.2849617403,581458.1003717951,87015.68032247509,66519.01405788811,1.6187323094367543,7710741.0
2023-08-14,5931515.03648176,499579.51060509065,63018.44859306046,0.0,0.0,-11774.409319922572,376492.27777559153,625260.0116753944,576073.927644398,99760.90721891481,64987.93573637677,1.6187323094367543,8255241.0
2023-08-21,5931515.03648176,515191.3703114986,-70078.502616908,0.0,0.0,79804.32983502996,375933.4806420636,624358.8171224307,562288.8077283041,94002.61170849984,65718.4960014965,1.6187323094367543,8112773.0
2023-08-28,5931515.03648176,530803.2300179079,-207416.19662216576,0.0,0.0,89616.33760163217,429565.2655660655,608130.7950799426,584275.7081984249,124899.2791144563,65970.36024955806,1.6187323094367543,8048544.0
2023-09-04,5931515.03648176,546415.0897243144,-343690.31173629896,0.0,0.0,-107932.08543262193,436957.52869351587,582373.5399957096,569160.9084275955,113571.56955454929,65933.90426265054,1.6187323094367543,7062440.0
2023-09-11,5931515.03648176,562026.949430726,-473499.9290921529,0.0,0.0,-112511.02239037021,414755.0386106909,614564.5763333072,561887.8916131152,107557.66561919237,70413.55661702911,1.6187323094367543,7503792.0
2023-09-18,5931515.03648176,577638.8091371338,-591623.5803566389,0.0,0.0,11774.409319922572,401404.4183983855,600086.1263682494,601351.9773080293,113899.30436883192,68444.87866148015,1.6187323094367543,8189122.0
2023-09-25,5931515.03648176,593250.6688435446,-693287.742478988,0.0,0.0,24857.086342058556,387164.0936294635,545736.4534330571,613173.9667290291,132589.87948067722,69746.61988456664,1.6187323094367543,7545071.0
2023-10-02,5931515.03648176,608862.5285499538,-774412.7580414797,1739811.550310381,0.0,-95503.54226159262,448219.979272548,666417.2026204729,669666.1011142784,160378.89700784298,68618.00908833767,2131076.183430188,11450875.0
2023-10-09,5931515.03648176,624474.3882563623,-831822.4152771215,0.0,0.0,72608.85747285487,541387.2538798408,608281.5126579459,709459.4094860558,135982.52460188878,72153.09784185071,3093966.8980817352,10620671.0
2023-10-16,5931515.03648176,640086.247962772,-863405.4656887326,0.0,0.0,58217.912748505536,528388.3387842564,612849.4512552886,676230.181863298,129570.87557547099,73923.03151829797,3779728.6392988097,12103159.0
2023-10-23,5931515.03648176,655698.1076691793,-868220.0722524751,0.0,0.0,-41864.56647083506,505123.59499292634,599801.3586230256,679558.7307319016,178873.02061877874,73042.9686170751,4377046.889715751,12135690.0
2023-10-30,5931515.03648176,671309.9673755902,-846535.4115568271,0.0,0.0,25511.220193165394,519258.42032100155,579949.1131137274,759985.6936483323,151564.23991095077,77368.01243163513,4632449.9096153565,12577249.0
2023-11-06,5931515.03648176,686921.8270819965,-799808.2133782675,2315614.6461496544,0.0,654.1338511067288,492649.491561674,655190.0873041312,707974.5968807897,129265.58822550031,75920.50148934078,4768325.343519671,15415271.0
2023-11-13,5931515.03648176,702533.6867884072,-730595.7066071447,0.0,0.0,10466.14161770912,509577.3000680462,639491.4170513585,656364.7559324919,169164.3316717462,78853.2290672699,3913682.330833114,12347696.0
2023-11-20,5931515.03648176,718145.5464948163,-642410.0394001803,0.0,0.0,-22240.550937631702,517436.94265531027,616344.0920752854,634100.13034827,173561.92896070937,76601.01466878265,3102381.939787617,10952640.0
2023-11-27,5931515.03648176,733757.4062012269,-539522.5472523841,0.0,0.0,-92232.87300605905,506686.5303616151,566925.0970635619,677031.7621659293,127085.57824461395,74944.5791430478,3444640.3371568727,11247999.0
2023-12-04,5931515.03648176,749369.2659076358,-426729.0655828143,0.0,0.0,-5887.204659960557,506384.58907501784,613883.4818799249,677808.5034349321,144776.77172740333,72843.00628463045,3851158.7011312637,11995836.0
2023-12-11,5931515.03648176,764981.1256140439,-309089.66151678504,0.0,0.0,-41864.56647083506,488422.31666666444,619526.4954935701,662460.3802411167,152473.20320377333,71349.95685439977,4115161.0773779396,12572788.0
2023-12-18,5931515.03648176,780592.9853204541,-191657.5681199873,0.0,0.0,134097.43947689413,485341.11035004887,602329.1676423389,701024.2016418043,143815.38030439266,74038.07751543446,4063727.2202189956,12558523.0
2023-12-25,5931515.03648176,796204.8450268621,-79212.66307802976,0.0,901571.956423463,3270.669255533636,462073.0430866454,627250.9388834495,600235.6854300098,150418.41844580977,67045.9151718167,4119447.818814853,13367521.0
2024-01-01,5931515.03648176,811816.7047332696,27453.311016076143,406877.9202136771,0.0,-206706.29694974978,485477.84923534206,681194.2490562679,652589.3644837405,113517.54795045243,66171.8361238155,4128455.1500587515,13694502.0
2024-01-08,5931515.03648176,827428.5644396822,117368.55725207727,0.0,0.0,-181849.21060769094,501335.81041158875,640640.4999571483,712523.0624812985,135916.36554000567,68199.5173434611,3300957.9458888234,11878952.0
2024-01-15,5931515.03648176,843040.4241460885,191812.42561753333,0.0,0.0,-204089.76154532176,453875.39525707776,689189.1112576986,639771.8920190526,121553.52341706528,68779.83302907643,2552769.5631135814,11723758.0
2024-01-22,5931515.03648176,858652.2838524979,249215.04174044877,0.0,0.0,-240067.12335619546,432994.239782793,672646.8157701772,621241.4164082151,112333.76496693763,69670.6839956936,1820520.003078328,10250478.0
2024-01-29,5931515.03648176,874264.1435589078,289076.6287754854,0.0,0.0,-321833.8547445455,462881.7262976139,646999.5459463989,597572.1976036663,136541.6817953255,69226.2574202213,1200443.4623517331,10210373.0
2024-02-05,5931515.03648176,889876.0032653143,311955.6069310775,0.0,0.0,-174653.738245516,442728.80684330163,629389.1975569658,581342.8157444953,155832.21093158383,67421.06594913073,717963.1043085776,9495470.0
2024-02-12,5931515.03648176,905487.8629717242,319394.9506331066,0.0,0.0,-263615.9419960408,466521.30683037604,659145.3155323562,591746.0041139786,168856.58123654724,69879.97696345969,394684.68605921394,9538892.0
2024-02-19,5931515.03648176,921099.7226781315,313791.6538090235,0.0,901571.956423463,-230255.11558959362,440601.3126711919,697574.1119764897,663837.1250167778,160484.34474323931,70430.2790162663,154377.10816398897,9860830.0
2024-02-26,5931515.03648176,936711.5823845412,298217.43854433193,0.0,0.0,-240067.12335619546,467777.40840141755,682829.7215315816,708569.0546171296,129575.92971525232,68952.03786982347,1.6187323094367543,8833977.0
2024-03-04,5931515.03648176,952323.4420909525,276201.6488562719,0.0,0.0,-327066.925553401,451259.91702530184,655770.3918993085,654385.5937217718,131600.76523451283,70258.18657317481,1.6187323094367543,9034029.0
2024-03-11,5931515.03648176,967935.301797359,251489.43766597737,0.0,0.0,-296976.76840248914,449543.9009372539,646851.4296959358,712829.6312484731,140474.38270615754,69161.5793720312,1.6187323094367543,9214583.0
2024-03-18,5931515.03648176,983547.1615037713,227789.7564244163,0.0,0.0,-349307.476491032,474108.92647516466,643380.7401180577,671632.221523108,128711.42318962255,67308.0407850683,1.6187323094367543,8884843.0
2024-03-25,5931515.03648176,999159.0212101813,208528.2127279947,0.0,0.0,-251841.53267611907,446903.59390382865,668003.4702844814,716346.4876162247,126603.8775077092,69456.27493906254,1.6187323094367543,8565569.0
2024-04-01,5931515.03648176,1014770.8809165892,196619.5400347926,0.0,0.0,-215864.17086524385,428519.4915105722,707697.1727514993,671818.1469993163,141181.8325201188,68709.73093879882,1.6187323094367543,8590510.0
2024-04-08,5931515.03648176,1030382.7406229972,194273.2443862254,0.0,0.0,-247262.59571837133,429971.2051353994,649433.1079056892,659141.1316426881,125571.09794515149,68390.21747124982,1.6187323094367543,8453476.0
2024-04-15,5931515.03648176,1045994.6003294071,202844.02459980306,0.0,0.0,-277352.75286928355,446858.19165066676,618026.8934939213,660703.6575877578,110422.38419090147,71350.327384882,1.6187323094367543,8327264.0
2024-04-22,5931515.03648176,1061606.4600358158,222735.91912099862,0.0,901571.956423463,-273427.9497626429,416275.89692625223,696284.899404152,774664.290032846,112517.8778756302,64341.17447996377,1.6187323094367543,9943309.0
2024-04-29,5931515.03648176,1077218.3197422249,253365.96803216627,0.0,0.0,-191007.08452318524,447157.23198203655,650761.2373122775,733501.1768288381,134531.33501392428,64740.931456980834,1.6187323094367543,9421413.0
2024-05-06,5931515.03648176,1092830.1794486288,293189.6762035358,0.0,0.0,-267540.7451026815,434453.6308290956,675677.3742688963,666402.390225113,125676.01169727622,65128.22083273582,1.6187323094367543,9052024.0
2024-05-13,5931515.03648176,1108442.0391550432,339786.92637856194,0.0,0.0,-276698.6190181763,463167.7901189647,624547.9419796298,691534.2050409784,131633.6663365907,66882.69902302856,1.6187323094367543,8411462.0
2024-05-20,5931515.03648176,1124053.898861452,390003.4300693597,0.0,0.0,-426495.27092163346,411411.98414947273,614963.344281466,655270.0260452096,140551.6933613934,67496.89061756023,1.6187323094367543,8901182.0
2024-05-27,5931515.03648176,1139665.7585678608,440139.5260761188,0.0,0.0,-384630.7044507983,421284.174653913,618135.2412844002,635204.5863706552,121370.06670173659,65193.86241225781,1.6187323094367543,8948343.0
2024-06-03,5931515.03648176,1155277.6182742675,486175.33149870357,0.0,901571.956423463,-206052.16309864327,406904.3067512869,613397.062494769,676086.7338906557,141699.38002712338,65784.92646833093,1.6187323094367543,10691397.0
2024-06-10,5931515.03648176,1170889.4779806794,524019.0812263803,0.0,0.0,-242683.65876062267,417306.7998982455,621177.554896895,661757.0171091477,137298.89545546865,66132.89703548799,1.6187323094367543,8763778.0
2024-06-17,5931515.03648176,1186501.337687089,549764.085285436,0.0,0.0,-166149.9981811278,441094.7730384821,637737.0915010903,663306.1402917627,107438.96179476568,73193.04608222272,1.6187323094367543,9198421.0
2024-06-24,5931515.03648176,1202113.1973934972,559939.1712719967,0.0,0.0,-223059.64322741952,440967.3320794473,659124.4767102962,656359.1602066393,158148.19746391967,73302.40345532376,1.6187323094367543,9904515.0
2024-07-01,5931515.03648176,1217725.0570999077,551737.7947842595,0.0,0.0,-282585.8236781375,441136.50129277486,691474.3990137448,666119.559213168,124541.00531600726,69205.29066485698,1.6187323094367543,9496701.0
2024-07-08,5931515.03648176,1233336.9168063155,523212.1769468344,0.0,0.0,-340803.73642664513,443400.5423483359,651338.6828655831,673636.4451344699,99166.43201204452,68420.27401760622,1.6187323094367543,9388110.0
2024-07-15,5931515.03648176,1248948.7765127246,473420.7976980174,0.0,0.0,-213901.7693119246,452154.052540664,615147.8435102067,603972.9916751058,102121.51811512801,66609.81390981075,1.6187323094367543,9203975.0
2024-07-22,5931515.03648176,1264560.6362191308,402520.2235133026,0.0,0.0,-219134.84012077912,433704.22586167266,652785.5192290426,659777.6558029804,102349.48777958429,64664.82436474572,1.6187323094367543,9277907.0
2024-07-29,5931515.03648176,1280172.495925544,311795.42631756625,0.0,0.0,-121014.76245475817,460520.0435194914,676951.0997113569,624403.7496061107,123029.44416777557,67839.22975296684,1.6187323094367543,9512130.0
2024-08-05,5931515.03648176,1295784.3556319568,203626.2735583686,0.0,0.0,-251187.3988250113,468040.63289651216,645899.5524149102,594565.4776174051,120708.99428534837,66668.80737845643,1.6187323094367543,8843408.0
2024-08-12,5931515.03648176,1311396.2153383587,81391.53480249378,0.0,901571.956423463,-192315.35222539998,466528.7305944618,670753.5043231859,628448.5830557775,119849.25978327195,68332.27461261248,1.6187323094367543,10266417.0
2024-08-19,5931515.03648176,1327008.0750447733,-50684.65351973212,0.0,901571.956423463,-226984.44633405982,470419.856761612,700732.0094167631,647930.1253431317,140902.49439362163,65668.97395482604,1.6187323094367543,9575515.0
2024-08-26,5931515.03648176,1342619.9347511805,-187735.60389361996,0.0,0.0,-204089.76154532176,468113.2011115205,663915.556213794,631003.0161208916,139639.8239650079,66899.55180697005,1.6187323094367543,9052978.0
2024-09-02,5931515.03648176,1358231.7944575844,-324493.0611405096,0.0,0.0,-255766.33578275825,505255.7604392231,667312.4272569871,684609.8294301282,141968.57297304278,69347.44972028554,1.6187323094367543,9011451.0
2024-09-09,5931515.03648176,1373843.654163993,-455553.021891295,0.0,0.0,-146525.98264792326,487613.48057536647,656441.644085949,644731.7947885847,152403.89457423688,71499.61519258551,1.6187323094367543,8708074.0
2024-09-16,5931515.03648176,1389455.5138704046,-575651.6009594463,0.0,0.0,-165495.8643300214,498095.8963741118,658600.2763008112,682834.6122294213,174683.85380957244,74325.601504896,1.6187323094367543,8887068.0
2024-09-23,5931515.03648176,1405067.3735768143,-679935.5435144929,1739811.550310381,0.0,-400984.05072846916,511461.0235259501,684984.1024537561,717000.6514918136,130679.72009064673,73687.48910430762,2383370.3633094467,12185080.0
2024-09-30,5931515.03648176,1420679.233283222,-764212.2514178392,0.0,0.0,-177270.27364994294,517818.16711792734,664827.2192419337,762842.0807921113,164172.25332372557,78832.0895070658,3620631.776645605,12008180.0
2024-10-07,5931515.03648176,1436291.0929896326,-825165.3279698177,0.0,0.0,-189698.8168209719,513014.98968616617,660670.8698904911,790205.2643381376,127959.82146072175,76246.44487555258,4498529.496137147,12960927.0
2024-10-14,5931515.03648176,1451902.9526960426,-860523.5827395348,0.0,0.0,-382014.1690463719,515863.3837044575,621118.6016176824,754669.0633085846,169618.3485094322,78278.02480246687,4691014.192960925,12751001.0
2024-10-21,5931515.03648176,1467514.8124024537,-869174.0660437695,0.0,0.0,-452006.4911147996,536902.9251681245,616680.6043420695,810084.1481392983,178864.75718532913,77923.14488863283,4788023.487896288,13301549.0
2024-10-28,5931515.03648176,1483126.672108863,-851212.8701682693,2315614.6461496544,0.0,-185119.8798632242,557078.0726709343,736909.7583964283,814660.9974802367,217758.9617789835,75898.82995574735,4975485.053694723,15536944.0
2024-11-04,5931515.03648176,1498738.5318152716,-807930.9596664712,0.0,0.0,-237450.58795176898,559936.5295208498,667096.7540901452,753935.8886610412,230765.56374610483,77565.2663112385,4118582.7215083917,13113010.0
2024-11-11,5931515.03648176,1514350.3915216778,-741735.9735140407,0.0,901571.956423463,-283894.0913803525,541226.8659330298,680369.7010332909,714414.1217041905,201383.41942360933,78445.52472604859,3292212.2782347887,12543685.0
2024-11-18,5931515.03648176,1529962.2512280878,-656014.5661146272,0.0,901571.956423463,-374818.69668419595,554887.2671268753,670230.2190271927,750110.6184581886,170334.8760381001,77839.94557590669,2424472.7593641593,11894993.0
2024-11-25,5931515.03648176,1545574.1109344987,-554943.2139841183,0.0,0.0,-196894.2891831478,543131.3946482157,665495.2397008494,739383.1717725792,177756.69171632305,74823.57651385907,3610971.1160044777,12455860.0
2024-12-02,5931515.03648176,1561185.9706409082,-443258.31750228995,0.0,0.0,-245300.19416505162,513351.49506841326,589659.026724664,725651.2823503889,147521.11480673763,76185.44004722263,3951376.3586132596,13274482.0
2024-12-09,5931515.03648176,1576797.8303473096,-325998.70591631957,0.0,0.0,-312675.9808290513,487934.4059116863,578515.5771081854,715691.1882939185,147771.04245912196,74719.6784426322,4075194.8925632243,13077695.0
2024-12-16,5931515.03648176,1592409.6900537242,-208235.17829944426,0.0,0.0,-289781.2960403135,499916.693064871,611474.8483037546,720248.4651687833,172164.5037673011,72019.95362277508,4314124.006549277,13317603.0
2024-12-23,5931515.03648176,1608021.54976013,-94802.39640449404,0.0,0.0,-236796.45410066252,501364.89628191263,694848.2987457996,757781.3707988259,144539.70559911555,74055.1551249287,4396216.690418818,13848740.0
2024-12-30,5931515.03648176,1623633.4094665393,9951.751189646473,406877.9202136771,0.0,-253149.80037833255,477212.37605470576,700242.881261114,709747.8518677617,176216.1423355378,77351.0489120031,4527604.393249991,13779987.0
2025-01-06,5931515.03648176,1639245.2691729458,93162.35131078486,0.0,0.0,-444156.8849015188,492903.2569560441,700010.2802126289,683846.4875146485,177297.90466036176,77931.97186092047,3679662.5047063036,12939825.0
2025-01-13,5931515.03648176,1654857.1288793643,172232.85983329712,0.0,0.0,-518074.0100765865,495687.3461345357,668864.6991022744,664965.8469283234,137232.6452194633,71335.41559530683,2889369.417240503,12571556.0
2025-01-20,5931515.03648176,1670468.9885857694,234602.51869087003,0.0,0.0,-516111.60852326604,469696.9669211658,664975.4018916492,697883.238274125,167893.9309397944,69600.60433322274,2054001.226408339,11260421.0
2025-01-27,5931515.03648176,1686080.848292177,279464.259817466,0.0,901571.956423463,-548818.3010786085,478063.71478008264,715834.1704651037,744571.1415860648,163730.86786848845,73556.0396129776,1383684.9714675965,11696977.0
2025-02-03,5931515.03648176,1701692.7079985917,307079.03692282434,0.0,0.0,-497141.7268411703,450102.4554683012,703312.4627667123,704985.0289342218,149052.25969309965,69195.0674508359,871991.4595047837,10449916.0
2025-02-10,5931515.03648176,1717304.5677049959,318719.4809708231,0.0,0.0,-564517.5135051706,493467.31622208003,700522.7440579068,625013.8331090632,128167.53798165971,67708.72649637054,465624.6614269455,10230754.0
2025-02-17,5931515.03648176,1732916.427411404,316554.92637929495,0.0,0.0,-599840.7414649354,504174.2553044924,674727.2270185432,607861.9142118284,121330.21459421134,68958.52352007593,186569.6992151929,9098998.0
2025-02-24,5931515.03648176,1748528.2871178156,303485.04563063924,0.0,0.0,-544239.3641208579,482104.7606858501,682319.0889359149,629193.7967736718,125401.33390536078,71003.4983140952,1.6187323094367543,9108220.0
2025-03-03,5931515.03648176,1764140.1468242216,282932.2910478746,0.0,0.0,-556667.9072918886,486699.8500446925,671174.185106943,647760.6385723818,150754.8739410582,70414.40020630187,1.6187323094367543,9648429.0
2025-03-10,5931515.03648176,1779752.0065306285,258605.70624097832,0.0,0.0,-537043.8917586849,439977.54828609334,689557.3433570055,661943.667965579,124132.62582478556,69294.5714409698,1.6187323094367543,9279058.0
2025-03-17,5931515.03648176,1795363.8662370364,234250.2999269512,0.0,0.0,-533773.2225031506,444983.0961865938,700041.9365041361,685171.9575449093,149156.9710239591,69035.91742984203,1.6187323094367543,9943436.0
2025-03-24,5931515.03648176,1810975.7259434485,213396.97770122986,0.0,0.0,-486675.5852234611,460812.0038129455,662287.1818137462,683090.9820730987,119212.853324985,68891.29694565474,1.6187323094367543,9419352.0
2025-03-31,5931515.03648176,1826587.585649857,199127.95698637245,0.0,0.0,-554705.5057385671,451683.6692221328,649660.7762011199,736330.1671523246,133681.08209415633,68551.25128028501,1.6187323094367543,8927313.0
2025-04-07,5931515.03648176,1842199.445356263,193871.65141967588,0.0,0.0,-527231.8839920816,483221.14527745364,685879.6906023176,699062.763238701,143510.87456328026,75029.64989073462,1.6187323094367543,9284525.0
2025-04-14,5931515.03648176,1857811.3050626784,199239.25821807713,0.0,0.0,-670487.1973844713,518899.4921011398,717750.7933604121,676896.0917697111,213784.1880736598,72404.11672490802,1.6187323094367543,8963176.0
2025-04-21,5931515.03648176,1873423.1647690823,215912.81749460695,0.0,0.0,-636472.2371269189,474567.29824030964,663224.1375261947,715880.7921555826,137669.40347168106,73170.90102601705,1.6187323094367543,9555051.0
2025-04-28,5931515.03648176,1889035.0244754974,243591.47918481188,0.0,0.0,-559284.4426963148,465884.0298410049,650113.2669107468,663939.9078261504,185092.77749538416,70643.86917847212,1.6187323094367543,9613947.0
2025-05-05,5931515.03648176,1904646.884181905,280999.2871628851,0.0,901571.956423463,-484059.04981903406,482547.2033315187,715982.6266283466,708750.898231056,159144.36644311715,70723.09221622554,1.6187323094367543,10648898.0
2025-05-12,5931515.03648176,1920258.743888315,325954.1700025772,0.0,0.0,-461164.36503029556,514661.4434289881,699786.3221783562,716274.4899506896,160448.42695755378,69654.81760052085,1.6187323094367543,10283863.0
2025-05-19,5931515.03648176,1935870.603594718,375494.2236287479,0.0,901571.956423463,-611615.150784861,474376.87892123545,777593.3022598231,712094.3233412083,153666.40369002026,65605.56964241025,1.6187323094367543,11201748.0
2025-05-26,5931515.03648176,1951482.4633011264,426053.9918831315,0.0,0.0,-550780.702631927,488302.4349875708,724656.856257451,778139.7687161304,160244.15034865992,67198.15217100723,1.6187323094367543,9962617.0
2025-06-02,5931515.03648176,1967094.3230075426,473680.49289200373,0.0,0.0,-565171.6473562764,522590.3593898881,696699.9173784887,728259.3079747885,147683.19963758538,66527.02915903092,1.6187323094367543,9386300.0
2025-06-09,5931515.03648176,1982706.1827139503,514276.3738666188,0.0,0.0,-419953.932410568,471821.1442172908,673781.8197707015,808408.7077276994,187244.1299902883,65519.07389024592,1.6187323094367543,10316851.0
2025-06-16,5931515.03648176,1998318.0424203626,543855.9421444363,0.0,901571.956423463,-594607.6706560808,461082.86387933965,723861.8371938249,758567.1682154587,148405.57548240898,67442.85106665801,1.6187323094367543,11128690.0
2025-06-23,5931515.03648176,2013929.9021267695,558799.0112524562,0.0,0.0,-563209.2458029576,471715.05153947487,708765.1432946048,703240.2048343065,179589.94183823685,73088.87059974638,1.6187323094367543,10201692.0
2025-06-30,5931515.03648176,2029541.7618331783,556087.5651945657,0.0,0.0,-461164.36503029556,472510.60357965826,684733.3464863938,722288.1447322386,143432.46494968314,71550.3117123489,1.6187323094367543,10395960.0
2025-07-07,5931515.03648176,2045153.6215395897,533511.1792075363,0.0,0.0,-503028.9315011303,498620.93496614863,753253.8038774686,690047.3146640281,148413.12905371352,74102.92280994987,1.6187323094367543,9854000.0
2025-07-14,5931515.03648176,2060765.4812459943,489828.887744894,0.0,0.0,-550780.702631927,496966.3152011107,760009.4608926629,686514.6161678775,127713.43467089297,72968.11699525201,1.6187323094367543,10720740.0
2025-07-21,5931515.03648176,2076377.3409524055,424877.66001418576,0.0,0.0,-537043.8917586849,461908.9146234375,757317.7254739419,726603.2217285995,157650.68405040694,73576.05308699896,1.6187323094367543,9800618.0
2025-07-28,5931515.03648176,2091989.2006588143,339620.688107315,0.0,0.0,-514803.3408210515,492299.027558047,696098.7941101303,750565.3422388665,191030.51929973066,70442.45577393078,1.6187323094367543,10295789.0
2025-08-04,5931515.03648176,2107601.060365217,236132.13741914713,0.0,901571.956423463,-527231.8839920816,480999.81138276786,737569.4946854284,719310.069431982,159270.32758860834,72633.56792942986,1.6187323094367543,10408814.0
2025-08-11,5931515.03648176,2123212.9200716317,117518.65524337326,0.0,0.0,-517419.8762254807,514309.87238488626,733041.3831054916,767377.0314221068,150607.43334879004,73464.95327103946,1.6187323094367543,9732460.0
2025-08-18,5931515.03648176,2138824.779778042,-12218.428987952462,0.0,0.0,-543585.2302697514,490000.24588812067,710975.6809290078,795061.4241453715,129406.63984083994,71148.34825419572,1.6187323094367543,10278544.0
2025-08-25,5931515.03648176,2154436.6394844498,-148372.85917332832,0.0,0.0,-629930.8986158519,484241.26597116486,736931.3186604367,820817.0616637287,144322.19379839723,73126.35567199279,1.6187323094367543,9681129.0
2025-09-01,5931515.03648176,2170048.4991908595,-285764.80758459045,0.0,901571.956423463,-365660.822768702,510736.31350297836,750246.741296611,808619.3707409542,122585.72941398493,74200.52825306311,1.6187323094367543,11004849.0
2025-09-08,5931515.03648176,2185660.3588972576,-419001.0589877442,0.0,0.0,-518074.0100765865,540005.433189487,721649.1073453441,856594.3691688571,141988.07479891906,74013.35795517161,1.6187323094367543,9816898.0
2025-09-15,5931515.03648176,2201272.218603679,-542749.5676608583,0.0,0.0,-545547.6318230708,567885.6520476554,723816.7688701164,792604.2497575905,194259.16884007177,75463.33662575771,2222414.528066085,11684745.0
2025-09-22,5931515.03648176,2216884.0783100864,-652013.0717321077,1739811.550310381,0.0,-553397.2380363526,555236.205153821,788107.075155697,840265.0926427748,256398.1960520174,77698.39168806907,3673518.0721489,15298579.0
2025-09-29,5931515.03648176,2232495.9380164887,-742386.4661909494,0.0,0.0,-509570.2700121989,600129.9376785053,711758.9152388693,845036.0580815689,327006.0627560602,81235.37166347847,4288622.847808177,13927281.0
2025-10-06,5931515.03648176,2248107.797722904,-810283.5287467362,0.0,0.0,-418645.6647083546,582555.6181229369,708562.1300915235,881227.0315924358,238402.15121714183,82178.19805577655,4663867.719176229,13731239.0
2025-10-13,5931515.03648176,2263719.6574293105,-853120.310533733,0.0,0.0,-555359.6395896747,600267.3989631992,691605.2496873195,869839.6427199368,275430.1259933743,80232.70635519136,5093656.068417324,14281979.0
2025-10-20,5931515.03648176,2279331.5171357216,-869444.9480756837,2315614.6461496544,0.0,-646938.3787446279,576080.5115643344,751589.0352219767,879401.1508021657,243188.00811547242,81318.08262210067,5184467.719467266,16821359.0
2025-10-27,5931515.03648176,2294943.376842126,-859006.6836570099,0.0,0.0,-433690.7432838103,598108.5283303242,734344.5697675488,957514.0911640326,221504.09217117025,82038.65471181631,4328483.918979394,14092233.0
2025-11-03,5931515.03648176,2310555.236548535,-822760.3242599489,0.0,0.0,-590028.7336983361,572880.1965616256,744429.0204453204,905977.6823270537,225036.93708344272,81224.5947518292,3489727.4069115254,12534307.0
2025-11-10,5931515.03648176,2326167.096254948,-762806.026738648,0.0,901571.956423463,-512186.80541662575,544028.856093073,764763.6255361162,887265.9360343127,204161.75753078726,81412.00740404536,2613673.3428280423,12868248.0
2025-11-17,5931515.03648176,2341778.9559613587,-682267.9587952864,0.0,0.0,-529848.4193965092,557129.4845148006,715334.7779200377,842000.767149002,190786.942469239,79599.66867795131,1807706.8927186853,11219051.0
2025-11-24,5931515.03648176,2357390.8156677624,-585118.841262899,0.0,0.0,-465089.1681369351,541655.8700748559,714017.3500697988,819426.348890111,167074.00824633124,73940.8331662101,2960389.249936897,12604767.0
2025-12-01,5931515.03648176,2373002.675374178,-475960.4287482013,0.0,0.0,-512186.80541662575,516392.44807853206,676241.2923776559,798867.0146885128,137217.23800999,77198.84664859768,3664421.30036171,12939781.0
2025-12-08,5931515.03648176,2388614.5350805814,-359772.457753988,0.0,0.0,-618810.6231470344,544111.6998208921,668375.9275615436,803280.7906568681,125341.44159632799,73295.2582022998,3857903.743754152,13392909.0
2025-12-15,5931515.03648176,2404226.3947869944,-241644.34232459503,0.0,901571.956423463,-571712.9858673455,520549.68663930066,687791.4008030895,835719.4859589307,176984.8004529694,75879.91737906855,4276363.968087379,14827611.0
2025-12-22,5931515.03648176,2419838.2544933977,-126504.82697646481,0.0,0.0,-646938.3787446279,528648.6380694141,704370.2905177518,876463.0273312031,167110.05319825033,75192.8552219313,4495660.144719483,14613392.0
