date,revenue,spend_meta_ads,spend_google_search,spend_youtube,spend_influencers,spend_email,spend_tv,promo_flag,holiday_diwali,holiday_sale_season,holiday_new_year,price_index,season_sin_1,season_cos_1,season_sin_2,season_cos_2
2023-01-02,7224874.0,390539.0,276918.0,342075.0,155842.0,41977.0,0.0,0,0,0,0,0.9995,0.03439806061360801,0.9994082116062598,0.06875540848113941,0.9976335468520451
2023-01-09,7429501.0,526942.0,246012.0,253124.0,164471.0,43490.0,0.0,0,0,0,0,1.0177,0.1542040475626894,0.988039023376751,0.3047192331091634,0.9524422234305676
2023-01-16,7618402.0,438094.0,291763.0,309436.0,82803.0,45122.0,0.0,0,0,0,0,1.0013,0.2717767384711357,0.9623603298276545,0.5230943033491326,0.8522748088519838
2023-01-23,7956444.0,308801.0,248899.0,298041.0,114085.0,41292.0,0.0,0,0,0,0,1.0098,0.38541335945432564,0.9227440286201427,0.7112757519738152,0.7029130847082615
2023-01-30,8968486.0,371214.0,294276.0,429965.0,160892.0,37646.0,0.0,1,0,0,0,0.995,0.49346814167723735,0.8697638720650646,0.8584015232918917,0.512978386299228
2023-02-06,8272401.0,331490.0,293728.0,359397.0,156827.0,45421.0,0.0,0,0,0,0,0.9882,0.5943761565849831,0.804187157621448,0.9559793438440766,0.2934339689665273
2023-02-13,8005088.0,338673.0,236260.0,302404.0,125277.0,47124.0,0.0,0,0,0,0,0.9903,0.6866759803451553,0.726963615332308,0.998376906467142,0.056952196034039754
2023-02-20,8128544.0,364652.0,199101.0,318454.0,159442.0,42357.0,0.0,0,0,0,0,0.9927,0.7690308592589181,0.6392116531380588,0.9831469737221499,-0.1828169249850199
2023-02-27,7911143.0,390533.0,323663.0,306997.0,139524.0,44516.0,0.0,0,0,0,0,1.0213,0.8402480696078469,0.5422021592729844,0.9111686353326631,-0.41203363695942635
2023-03-06,8830803.0,339421.0,320516.0,293444.0,179756.0,45811.0,0.0,0,0,0,0,0.9918,0.8992961915530253,0.4373400963303323,0.7865965660866021,-0.6174672802835514
2023-03-13,7571288.0,420398.0,262903.0,247167.0,131341.0,45384.0,0.0,0,0,0,0,1.0084,0.945320046913132,0.3261441535642696,0.6166212130956382,-0.7872599821916922
2023-03-20,8350943.0,303029.0,215638.0,299051.0,105326.0,43180.0,0.0,0,0,0,0,0.991,0.9776530844816641,0.2102247521189836,0.4110537546870351,-0.9116111071930239
2023-03-27,8396062.0,361248.0,271138.0,266635.0,134845.0,43191.0,0.0,0,0,0,0,1.0093,0.9958270335100595,0.09126072172931188,0.18175978759137534,-0.9833429613388902
2023-04-03,7773856.0,534728.0,267212.0,242091.0,43203.0,42931.0,0.0,0,0,0,0,1.0038,0.9995786855478958,-0.029025013321975237,-0.05802556932878035,-0.9983150972033183
2023-04-10,8773526.0,375802.0,284254.0,345813.0,138469.0,36588.0,0.0,0,0,0,0,0.9984,0.9888537064205885,-0.1488903868564548,-0.2944616217868012,-0.9556633054034704
2023-04-17,8367755.0,452179.0,247656.0,339062.0,33944.0,43875.0,0.0,0,0,0,0,0.9996,0.9638074231367307,-0.26659942067929354,-0.5139010013093103,-0.8578494977869301
2023-04-24,8348394.0,371043.0,263229.0,220273.0,66919.0,35785.0,0.0,0,0,0,0,0.9935,0.9248025743285089,-0.38044736628785164,-0.7036774074790128,-0.7105196029692745
2023-05-01,9106711.0,400695.0,325345.0,308569.0,144004.0,37920.0,0.0,1,0,0,0,1.0045,0.8724040568049612,-0.48878539428899265,-0.8528367217694595,-0.522177676659508
2023-05-08,8156927.0,365425.0,221495.0,387572.0,146041.0,46858.0,0.0,0,0,0,0,0.9955,0.8073707443023492,-0.5900444739548627,-0.9527692922168511,-0.30369503751065885
2023-05-15,8276850.0,360507.0,287222.0,394209.0,82676.0,44818.0,0.0,0,0,0,0,0.9877,0.7306444969184916,-0.6827580970759147,-0.9977068927101168,-0.06768276175455162
2023-05-22,8585111.0,330182.0,364213.0,393264.0,97278.0,47902.0,0.0,0,0,0,0,0.9872,0.6433365204044917,-0.765583517007675,-0.9850556718215013,0.172236243027682
2023-05-29,8890433.0,397266.0,292320.0,324204.0,202659.0,40248.0,0.0,0,0,0,0,1.0017,0.5467112728685939,-0.8373211953118121,-0.9155458729775467,0.40221356823680365
2023-06-05,8385717.0,328923.0,262719.0,272832.0,106426.0,36923.0,0.0,0,0,0,0,1.0158,0.44216815196707204,-0.8969321743510065,-0.7931896839451843,0.6089746507720486
2023-06-12,8237548.0,414423.0,265484.0,261230.0,277803.0,40522.0,0.0,0,0,0,0,1.0016,0.3312212278016865,-0.9435531242349544,-0.6250496486104377,0.7805849965070866
2023-06-19,8841694.0,442897.0,302534.0,349094.0,127262.0,42011.0,0.0,0,0,0,0,0.9988,0.21547731504673012,-0.976508846196619,-0.42083100859565564,0.9071390534005044
2023-06-26,8780277.0,399022.0,226032.0,353030.0,147637.0,41991.0,0.0,0,0,0,0,1.0029,0.0966127018812031,-0.9953220513156602,-0.19232150523909483,0.9813319716704275
2023-07-03,8773600.0,363070.0,280854.0,425149.0,226531.0,46747.0,0.0,0,0,0,0,1.0131,-0.023651127245231586,-0.9997202729664083,0.04728902277113235,0.9988812483600598
2023-07-10,9762753.0,407125.0,316580.0,411268.0,135350.0,40329.0,0.0,1,0,0,0,1.0022,-0.1435724234118113,-0.9896398128792412,0.2841699724797683,0.9587739184713191
2023-07-17,8530340.0,364388.0,360180.0,322815.0,91488.0,43390.0,0.0,0,0,0,0,0.9959,-0.2614143985111562,-0.965226663665613,0.5046482954181526,0.8633250245021008
2023-07-24,8163014.0,440692.0,285458.0,259553.0,125669.0,38015.0,0.0,0,0,0,0,1.0111,-0.3754703786876202,-0.9268343944460494,0.6959977221267386,0.7180439894563502
2023-07-31,8100075.0,292013.0,294376.0,313644.0,129622.0,43979.0,0.0,0,0,0,0,1.0043,-0.48408852163897587,-0.8750190302029955,0.847173337473877,0.5313166064347815
2023-08-07,7710741.0,366743.0,251945.0,350655.0,81815.0,42132.0,0.0,0,0,0,0,1.0154,-0.5856957398073508,-0.8105309990194823,0.9494491062150135,0.31392100074304014
2023-08-14,8255241.0,287113.0,291585.0,323829.0,121220.0,39148.0,0.0,0,0,0,0,1.0018,-0.6788204829862357,-0.734304263829602,0.9969215500633253,0.07840550375666766
2023-08-21,8112773.0,310366.0,284982.0,301674.0,102764.0,41289.0,0.0,0,0,0,0,0.9878,-0.7621140503891487,-0.6474427960827475,0.9868505034357966,-0.16163565160110782
2023-08-28,8048544.0,478352.0,264647.0,357808.0,185138.0,41586.0,0.0,0,0,0,0,0.9863,-0.8343701235229537,-0.5512045872199277,0.9198172790502196,-0.3923470060554182
2023-09-04,7062440.0,448560.0,238999.0,309510.0,136737.0,41374.0,0.0,0,0,0,0,1.0165,-0.8945422369764496,-0.4469834295196742,0.799691113867869,-0.600411627469661
2023-09-11,7503792.0,358921.0,284416.0,307233.0,125579.0,51376.0,0.0,0,0,0,0,1.0172,-0.9417589340994617,-0.33628873017668287,0.6334058321617086,-0.7738197799123084
2023-09-18,8189122.0,340324.0,259167.0,391827.0,145405.0,44486.0,0.0,0,0,0,0,0.9982,-0.9753363880767837,-0.2207236509605022,0.4305596169818739,-0.9025621398133328
2023-09-25,7545071.0,313394.0,203044.0,382267.0,194414.0,48211.0,0.0,0,0,0,0,0.9962,-0.994788305609327,-0.10196189005174576,0.20286099168260133,-0.9792075459541514
2023-10-02,11450875.0,528697.0,364981.0,500484.0,271812.0,44962.0,5360150.0,0,0,1,0,1.0146,-0.999832969770105,0.018276557681691223,-0.03654700988811993,-0.9993319348786156
2023-10-09,10620671.0,897639.0,254575.0,543166.0,171025.0,54000.0,4816159.0,0,0,0,0,0.9889,-0.9903973200352558,0.13825031091098192,-0.2738454748405547,-0.9617737030660337
2023-10-16,12103159.0,657195.0,274399.0,404925.0,165900.0,56867.0,5438471.0,0,0,0,0,0.9911,-0.9666180104000972,0.2562218218071163,-0.49533725523256594,-0.8687007560596847
2023-10-23,12135690.0,547362.0,258264.0,448883.0,338001.0,53107.0,6524754.0,0,0,0,0,1.0064,-0.9288394302558068,0.3704825404820963,-0.6882375836422284,-0.7254853743958637
2023-10-30,12577249.0,650664.0,238920.0,670944.0,203560.0,66198.0,5864439.0,0,0,0,0,0.9961,-0.8776087166898392,0.4793776594606945,-0.8414120250581577,-0.5403941192199728
2023-11-06,15415271.0,503402.0,339989.0,416450.0,151668.0,58727.0,5651146.0,0,1,0,0,0.9999,-0.8136678304455991,0.5813300798152042,-0.9460191696320084,-0.32411067660409654
2023-11-13,12347696.0,619900.0,297308.0,350222.0,297646.0,68825.0,0.0,0,0,0,0,0.9984,-0.7379428103031386,0.6748632518680403,-0.9960209693076331,-0.08911918255618792
2023-11-20,10952640.0,635578.0,269865.0,357833.0,287879.0,59256.0,0.0,0,0,0,0,1.0034,-0.6515303615068021,0.75862255966641,-0.9885312610933433,0.15101637606963153
2023-11-27,11247999.0,570209.0,219419.0,487059.0,130098.0,55610.0,4234614.0,0,0,0,0,1.0141,-0.5556819724760489,0.8313949395234058,-0.9239823598019431,0.3824350909302552
2023-12-04,11995836.0,588659.0,286727.0,447286.0,213283.0,51027.0,5076491.0,0,0,0,0,1.0009,-0.451785789832884,0.8921264484954345,-0.8061001043286311,0.5917792002101544
2023-12-11,12572788.0,508781.0,283454.0,406234.0,230734.0,48663.0,5154410.0,0,0,0,0,1.0064,-0.34134651424503615,0.9399375283564133,-0.641688797825113,0.7669651144255267
2023-12-18,12558523.0,522274.0,259866.0,520868.0,197730.0,56836.0,3997495.0,0,0,0,0,0.9795,-0.22596360824801906,0.974135744004672,-0.4402384552773285,0.8978808954950716
2023-12-25,13367521.0,437719.0,295275.0,245261.0,224061.0,38648.0,4443660.0,1,0,0,0,0.9995,-0.10730813165636247,0.9942258118156161,-0.21337702862092797,0.9769699297608415
2024-01-01,13694502.0,565163.0,366149.0,460551.0,112410.0,40368.0,4268851.0,0,0,0,1,1.0316,0.017201575418260506,0.9998520419557735,0.03439806061360801,0.9994082116062598
2024-01-08,11878952.0,610004.0,288957.0,565873.0,197890.0,45601.0,0.0,0,0,0,0,1.0278,0.13718540405660057,0.9905453876091833,0.2717767384711357,0.9623603298276545
2024-01-15,11723758.0,388360.0,371694.0,314061.0,146475.0,46182.0,0.0,0,0,0,0,1.0312,0.2551824131233728,0.9668929289391521,0.49346814167723735,0.8697638720650646
2024-01-22,10250478.0,376129.0,330392.0,351869.0,129799.0,47922.0,0.0,0,0,0,0,1.0367,0.3694836834473831,0.9292372181882051,0.6866759803451553,0.726963615332308
2024-01-29,10210373.0,516917.0,297528.0,322786.0,204258.0,46382.0,0.0,0,0,0,0,1.0492,0.4784338202547012,0.8781236129591848,0.8402480696078469,0.5422021592729844
2024-02-05,9495470.0,410695.0,282123.0,313958.0,252530.0,42523.0,0.0,0,0,0,0,1.0267,0.580454927809098,0.8142923779467267,0.945320046913132,0.3261441535642696
2024-02-12,9538892.0,523208.0,329061.0,353054.0,283153.0,48997.0,0.0,0,0,0,0,1.0403,0.6740694616546162,0.7386679638813748,0.9958270335100595,0.09126072172931188
2024-02-19,9860830.0,398004.0,380506.0,503507.0,240590.0,49140.0,0.0,1,0,0,0,1.0352,0.7579216274973472,0.6523456189565257,0.9888537064205885,-0.1488903868564548
2024-02-26,8833977.0,530909.0,342742.0,548865.0,146867.0,45236.0,0.0,0,0,0,0,1.0367,0.8307970168121247,0.5565755266413303,0.9248025743285089,-0.38044736628785164
2024-03-04,9034029.0,436833.0,305909.0,356903.0,173541.0,48988.0,0.0,0,0,0,0,1.05,0.8916401947968874,0.45274469960737107,0.8073707443023492,-0.5900444739548627
2024-03-11,9214583.0,446776.0,302384.0,561123.0,201619.0,45805.0,0.0,0,0,0,0,1.0454,0.9395699859530622,0.342356891994542,0.6433365204044917,-0.765583517007675
2024-03-18,8884843.0,545403.0,301301.0,387734.0,161650.0,42216.0,0.0,0,0,0,0,1.0534,0.9738922359149924,0.22701082094141847,0.44216815196707204,-0.8969321743510065
2024-03-25,8565569.0,409954.0,338112.0,549066.0,163010.0,47969.0,0.0,0,0,0,0,1.0385,0.9941098647022418,0.10837701279187609,0.21547731504673012,-0.976508846196619
2024-04-01,8590510.0,377148.0,394263.0,381114.0,208802.0,45316.0,0.0,0,0,0,0,1.033,0.9999300657962057,-0.011826390691832589,-0.023651127245231586,-0.9997202729664083
2024-04-08,8453476.0,407489.0,289300.0,400312.0,154062.0,44906.0,0.0,0,0,0,0,1.0378,0.9912685467787256,-0.13185851571739118,-0.2614143985111562,-0.965226663665613
2024-04-15,8327264.0,468082.0,265870.0,421325.0,122472.0,52120.0,0.0,0,0,0,0,1.0424,0.9682507501166718,-0.2499809690726521,-0.48408852163897587,-0.8750190302029955
2024-04-22,9943309.0,347034.0,389603.0,742749.0,137427.0,35269.0,0.0,1,0,0,0,1.0418,0.9312100364121947,-0.3644830148102912,-0.6788204829862357,-0.734304263829602
2024-04-29,9421413.0,484638.0,296564.0,468305.0,199349.0,39179.0,0.0,0,0,0,0,1.0292,0.8806828564301475,-0.47370635037968,-0.8343701235229537,-0.5512045872199277
2024-05-06,9052024.0,407671.0,346048.0,344360.0,160656.0,40167.0,0.0,0,0,0,0,1.0409,0.8174009818249189,-0.5760691233798758,-0.9417589340994617,-0.33628873017668287
2024-05-13,8411462.0,526864.0,267546.0,483580.0,181693.0,43695.0,0.0,0,0,0,0,1.0423,0.742280907086982,-0.6700888411055113,-0.994788305609327,-0.10196189005174576
2024-05-20,8901182.0,310792.0,270449.0,372161.0,204957.0,44254.0,0.0,0,0,0,0,1.0652,0.6564105761979381,-0.7544038410927472,-0.9903973200352558,0.13825031091098192
2024-05-27,8948343.0,396935.0,278795.0,364315.0,142894.0,39114.0,0.0,0,0,0,0,1.0588,0.5610336262283677,-0.8277930117131022,-0.9288394302558068,0.3704825404820963
2024-06-03,10691397.0,348028.0,272734.0,483943.0,213367.0,41286.0,0.0,1,0,0,0,1.0315,0.4575313760742512,-0.8891934772070711,-0.8136678304455991,0.5813300798152042
2024-06-10,8763778.0,397348.0,283998.0,407785.0,187908.0,41879.0,0.0,0,0,0,0,1.0371,0.3474028211842774,-0.9377159910299093,-0.6515303615068021,0.75862255966641
2024-06-17,9198421.0,468432.0,304000.0,430314.0,107361.0,58466.0,0.0,0,0,0,0,1.0254,0.23224292400907015,-0.9726578145718654,-0.451785789832884,0.8921264484954345
2024-06-24,9904515.0,440915.0,328853.0,409883.0,275399.0,54856.0,0.0,0,0,0,0,1.0341,0.11371951458594969,-0.9935128947338007,-0.22596360824801906,0.974135744004672
2024-07-01,9496701.0,437564.0,371314.0,439074.0,140216.0,44044.0,0.0,0,0,0,0,1.0432,-0.00645086419810515,-0.9999791929590823,0.012901459949419653,0.9999167727021953
2024-07-08,9388110.0,445344.0,298586.0,448820.0,94084.0,44337.0,0.0,0,0,0,0,1.0521,-0.12652781683868314,-0.9919630595773397,0.2510218406258827,0.9679814231320734
2024-07-15,9203975.0,471881.0,262579.0,281044.0,117065.0,41062.0,0.0,0,0,0,0,1.0327,-0.24477230089725957,-0.9695805901076308,0.47465294389193496,0.8801730414269229
2024-07-22,9277907.0,394821.0,323906.0,475086.0,118648.0,38131.0,0.0,0,0,0,0,1.0335,-0.3594718130884232,-0.9331559438780432,0.6708865180801582,0.7415600311898435
2024-07-29,9512130.0,512466.0,349971.0,343111.0,173611.0,45694.0,0.0,0,0,0,0,1.0185,-0.46896519100763184,-0.8832166493127127,0.8283957292921139,0.5601432992463508
2024-08-05,8843408.0,510864.0,296067.0,314278.0,155670.0,41918.0,0.0,0,0,0,0,1.0384,-0.5716666713027052,-0.8204859638785327,0.9380889596420647,0.3463944338433696
2024-08-12,10266417.0,491763.0,340782.0,416284.0,153052.0,46010.0,0.0,1,0,0,0,1.0294,-0.666088855860977,-0.7458723993404063,0.993634586189866,0.11265127219562909
2024-08-19,9575515.0,506605.0,381293.0,430331.0,215139.0,39626.0,0.0,1,0,0,0,1.0347,-0.7508642533989489,-0.6604565640279754,0.9918264497026016,-0.12759425406472188
2024-08-26,9052978.0,491098.0,312405.0,371307.0,197213.0,43298.0,0.0,0,0,0,0,1.0312,-0.8247650844733614,-0.5654755126737576,0.9327689179559782,-0.3604748891327019
2024-09-02,9011451.0,655489.0,328615.0,516277.0,203035.0,48298.0,0.0,0,0,0,0,1.0391,-0.886721063082993,-0.46230483047981086,0.8198708615029215,-0.5725484874300667
2024-09-09,8708074.0,518712.0,312569.0,359378.0,234301.0,52252.0,0.0,0,0,0,0,1.0224,-0.9358348973349941,-0.35243871088460327,0.6596488896351408,-0.7515739101399981
2024-09-16,8887068.0,584683.0,319349.0,494545.0,305602.0,58465.0,0.0,0,0,0,0,1.0253,-0.97139528468375,-0.23746831555846842,0.461351203990578,-0.8872175982116474
2024-09-23,12185080.0,633494.0,359058.0,543448.0,141035.0,54716.0,6136668.0,0,0,1,0,1.0613,-0.9928872135356962,-0.11905873003404988,0.23642378142121298,-0.9716500376053585
2024-09-30,12008180.0,641074.0,319463.0,635421.0,277064.0,70765.0,6458788.0,0,0,0,0,1.0271,-0.9999994220246925,0.001075151282798226,-0.0021503013227746654,-0.9999976880994382
2024-10-07,12960927.0,602456.0,319292.0,660984.0,141663.0,58566.0,7783668.0,0,0,0,0,1.029,-0.9926289059345095,0.12119346147073601,-0.2406002661322256,-0.9706242897934825
2024-10-14,12751001.0,621638.0,267657.0,501774.0,299939.0,66431.0,5732147.0,0,0,0,0,1.0584,-0.9708824104813836,0.2395565591209271,-0.46516249913190355,-0.8852253099642835
2024-10-21,13301549.0,726524.0,273928.0,731487.0,307964.0,63812.0,5514356.0,0,0,0,0,1.0691,-0.9350748843515574,0.3544502230989869,-0.6628750027453377,-0.7487300786901568
2024-10-28,15536944.0,806684.0,464801.0,667090.0,469051.0,57500.0,6400482.0,0,1,0,0,1.0283,-0.8857249183835637,0.4642104791518923,-0.8223255775192096,-0.5690172620911411
2024-11-04,13113010.0,776461.0,304606.0,453464.0,495921.0,64087.0,0.0,0,0,0,0,1.0363,-0.8235472349556007,0.5672476988027229,-0.9343105477678196,-0.3564600964060307
2024-11-11,12543685.0,653721.0,346431.0,428747.0,331451.0,66030.0,0.0,1,0,0,0,1.0434,-0.7494423368521953,0.6620696215153815,-0.9923660086146721,-0.12332763253295889
2024-11-18,11894993.0,766716.0,328139.0,585190.0,232470.0,63243.0,0.0,1,0,0,0,1.0573,-0.6644834655228552,0.7473029667054297,-0.9931409302238695,0.11692344809347308
2024-11-25,12455860.0,674722.0,324360.0,513660.0,288890.0,54378.0,6713015.0,0,0,0,0,1.0301,-0.5699010576127624,0.821713322596059,-0.936590583203982,0.3504255690637097
2024-12-02,13274482.0,540554.0,228122.0,488871.0,181609.0,60437.0,5252333.0,0,0,0,0,1.0375,-0.46706492487743034,0.8842230238742036,-0.8259791204413983,0.5637007118984807
2024-12-09,13077695.0,479260.0,236823.0,477841.0,205747.0,55519.0,4611111.0,0,0,0,0,1.0478,-0.3574644155648614,0.9339267592294762,-0.6676911663366996,0.7444383832097442
2024-12-16,13317603.0,578710.0,280772.0,506925.0,294020.0,49178.0,5461028.0,0,0,0,0,1.0443,-0.2426868445825954,0.9701046827361175,-0.4708632887360563,0.8822061909330864
2024-12-23,13848740.0,577493.0,393297.0,612836.0,183269.0,56336.0,5065221.0,0,0,0,0,1.0362,-0.12439450483979998,0.9922328391893008,-0.2468566254334839,0.9690520143313219
2024-12-30,13779987.0,472180.0,374382.0,422089.0,312620.0,65356.0,5112067.0,0,0,0,1,1.0387,-0.004300592702981974,0.9999907524084426,-0.008601105865714402,0.9999630098048061
2025-01-06,12939825.0,574113.0,368946.0,413421.0,294706.0,64962.0,0.0,0,0,0,0,1.0679,0.10303137904317879,0.9946781061893646,0.20496611396949532,0.9787690698649216
2025-01-13,12571556.0,570214.0,318731.0,400886.0,154915.0,45392.0,0.0,0,0,0,0,1.0792,0.22177215755648186,0.975098513039961,0.4324994021339788,0.901634220265486
2025-01-20,11260421.0,454882.0,323231.0,506706.0,284511.0,45140.0,0.0,0,0,0,0,1.0789,0.3373010691361842,0.9413968285264122,0.6350683134867438,0.7724559775191742
2025-01-27,11696977.0,523685.0,407615.0,602814.0,250865.0,56556.0,0.0,1,0,0,0,1.0839,0.44794493940789115,0.8940611451454876,0.8009803309782905,0.5986906625177214
2025-02-03,10449916.0,407734.0,367811.0,430407.0,202696.0,43729.0,0.0,0,0,0,0,1.076,0.5521013427459208,0.8337770129585915,0.9206588168102428,0.3903682146763026
2025-02-10,10230754.0,621166.0,366090.0,285422.0,150310.0,42633.0,0.0,0,0,0,0,1.0863,0.6482618097757122,0.7614175109532997,0.9871957872910085,0.15951325197263655
2025-02-17,9098998.0,615071.0,326234.0,336193.0,146008.0,46433.0,0.0,0,0,0,0,1.0917,0.7350336741329412,0.6780306024735382,0.9967506498213929,-0.08054900421874167
2025-02-24,9108220.0,492825.0,346995.0,401878.0,164222.0,50932.0,0.0,0,0,0,0,1.0832,0.8111602420785621,0.5848239578463322,0.9487718864399473,-0.31596187665790293
2025-03-03,9648429.0,542422.0,328401.0,426446.0,240889.0,48427.0,0.0,0,0,0,0,1.0851,0.8755389928586302,0.4831474640149687,0.8460288880917339,-0.533137056031809
2025-03-10,9279058.0,359075.0,360710.0,441258.0,143307.0,45927.0,0.0,0,0,0,0,1.0821,0.9272375462179537,0.374473674486883,0.6944521021088763,-0.719538934232584
2025-03-17,9943436.0,434877.0,371979.0,484589.0,234537.0,45902.0,0.0,0,0,0,0,1.0816,0.9655071658143364,0.2603764827344581,0.5027907197793043,-0.8644081744776648
2025-03-24,9419352.0,496678.0,309056.0,453734.0,130961.0,45811.0,0.0,0,0,0,0,1.0744,0.9897936029670716,0.14250832791617088,0.2821076626819194,-0.9593827529490743
2025-03-31,8927313.0,443493.0,303360.0,598248.0,189259.0,45134.0,0.0,0,0,0,0,1.0848,0.9997451236925734,0.022576263041545485,0.04514101777397193,-0.9989806246941579
2025-04-07,9284525.0,581817.0,362536.0,425477.0,212288.0,62028.0,0.0,0,0,0,0,1.0806,0.9952176027737294,-0.09768276782171598,-0.19443122004766195,-0.9809161537413774
2025-04-14,8963176.0,707746.0,405024.0,411672.0,483182.0,50958.0,0.0,0,0,0,0,1.1025,0.9762766110869321,-0.21652708524481437,-0.4227806579826773,-0.9062320427107697
2025-04-21,9555051.0,441198.0,304174.0,540634.0,127430.0,54150.0,0.0,0,0,0,0,1.0973,0.9431964659565866,-0.33223549871590435,-0.6267266965083301,-0.7792391467859886
2025-04-28,9613947.0,465848.0,303058.0,362896.0,347185.0,47275.0,0.0,0,0,0,0,1.0855,0.8964562582905575,-0.44313223418263453,-0.7944973291665992,-0.6072676460566135
2025-05-05,10648898.0,549106.0,412845.0,535638.0,219670.0,48820.0,0.0,1,0,0,0,1.074,0.8367329140344921,-0.5476112038402312,-0.9164086366943458,-0.4002439388573056
2025-05-12,10283863.0,677314.0,362592.0,507911.0,241923.0,46395.0,0.0,0,0,0,0,1.0705,0.7648913904341226,-0.6441592666722685,-0.9854237542919524,-0.17011767832049052
2025-05-19,11201748.0,444347.0,518265.0,485211.0,219458.0,38291.0,0.0,1,0,0,0,1.0935,0.6819721490904629,-0.7313781428679254,-0.9975590477788613,0.06982797572987089
2025-05-26,9962617.0,556024.0,376187.0,689526.0,247255.0,43572.0,0.0,0,0,0,0,1.0842,0.5891760872322963,-0.8080046647350754,-0.9521140536681102,0.3057430764672831
2025-06-02,9386300.0,706374.0,348042.0,445049.0,201543.0,41803.0,0.0,0,0,0,0,1.0864,0.4878471454423119,-0.8729290708206411,-0.8517119107469189,0.5240103253675756
2025-06-09,10316851.0,421020.0,324030.0,764301.0,355577.0,40080.0,0.0,0,0,0,0,1.0642,0.37945284372454435,-0.925211078289358,-0.7021479494046978,0.712031078778713
2025-06-16,11128690.0,446651.0,416609.0,485944.0,183110.0,44619.0,0.0,1,0,0,0,1.0909,0.26556302780405594,-0.9640935007889755,-0.5120551783114646,0.8589525565270845
2025-06-23,10201692.0,509736.0,372667.0,395461.0,320910.0,57513.0,0.0,0,0,0,0,1.0861,0.14782713347053048,-0.9890132145779883,-0.29240597695107734,0.9562942772197719
2025-06-30,10395960.0,504132.0,337784.0,519941.0,173188.0,50244.0,0.0,0,0,0,0,1.0705,0.02795029824021032,-0.999609314096404,-0.05587875690537313,0.9984375616565666
2025-07-07,9854000.0,617891.0,470022.0,415200.0,213545.0,57525.0,0.0,0,0,0,0,1.0769,-0.09233133369539123,-0.9957283388645872,0.18387385105132759,0.9829498496360606
2025-07-14,10720740.0,569162.0,457417.0,444938.0,150623.0,52778.0,0.0,0,0,0,0,1.0842,-0.2112757555821793,-0.9774264960104055,0.4130130429412807,0.9107251102063585
2025-07-21,9800618.0,422068.0,445755.0,562263.0,258334.0,54876.0,0.0,0,0,0,0,1.0821,-0.3271603271220951,-0.9449688462364056,0.6183126337097825,0.7859322407147274
2025-07-28,10295789.0,597182.0,333518.0,582867.0,367169.0,46459.0,0.0,0,0,0,0,1.0787,-0.4383067230125192,-0.898825465016444,0.7879224882631226,0.6157744331240536
2025-08-04,10408814.0,508676.0,430892.0,462533.0,216596.0,53672.0,0.0,1,0,0,0,1.0806,-0.5431052396834317,-0.8396646346181327,0.912052525275964,0.41007339725680436
2025-08-11,9732460.0,674094.0,408768.0,641065.0,208843.0,54893.0,0.0,0,0,0,0,1.0791,-0.6400381082043503,-0.7683431655492202,0.9835378122597296,0.18070244009239297
2025-08-18,10278544.0,509541.0,369938.0,667177.0,152628.0,48326.0,0.0,0,0,0,0,1.0831,-0.7277014757264236,-0.6858939875998223,0.9982521339365441,-0.0590988755488295
2025-08-25,9681129.0,516700.0,425818.0,715475.0,212428.0,54670.0,0.0,0,0,0,0,1.0963,-0.8048257371083452,-0.593511190196115,0.9553461622632788,-0.29548893422398215
2025-09-01,11004849.0,649923.0,442629.0,624615.0,141349.0,56659.0,0.0,1,0,0,0,1.0559,-0.8702939222685674,-0.49253272872205434,0.8572964806503138,-0.5148230222752145
2025-09-08,9816898.0,763714.0,381585.0,823946.0,211472.0,55354.0,0.0,0,0,0,0,1.0792,-0.9231578729647039,-0.38442104726885545,0.709762632639161,-0.7044409168334328
2025-09-15,11684745.0,872545.0,396605.0,504294.0,394044.0,59532.0,5635891.0,0,0,0,0,1.0834,-0.9626519747161487,-0.2707418984477642,0.5212604463582784,-0.8533976488498011
2025-09-22,15298579.0,725997.0,530284.0,778553.0,680091.0,65520.0,7054781.0,0,0,1,0,1.0846,-0.9882042449941422,-0.15314166701312007,0.30267049085568926,-0.9530952596488853
2025-09-29,13927281.0,1051041.0,346512.0,721495.0,1196995.0,76448.0,6365730.0,0,0,0,0,1.0779,-0.9994446170919858,-0.033323525711631344,0.06661003679003268,-0.9977790852682925
2025-10-06,13731239.0,813016.0,371413.0,863522.0,356155.0,76989.0,6435545.0,0,0,0,0,1.064,-0.9962102997023297,0.0869772313136861,-0.17329522734857217,-0.9848699224660111
2025-10-13,14281979.0,971171.0,347292.0,744516.0,712640.0,68110.0,7913181.0,0,0,0,0,1.0849,-0.9785481345802031,0.20601832032517084,-0.40319768608708534,-0.9151129033807907
2025-10-20,16821359.0,753113.0,463339.0,804417.0,467037.0,73555.0,6441964.0,0,1,0,0,1.0989,-0.9467139181463862,0.3220757010206104,-0.6098270977059321,-0.7925344856241648
2025-10-27,14092233.0,962618.0,406202.0,1175933.0,390494.0,75561.0,0.0,0,0,0,0,1.0663,-0.9011686968561569,0.4334685453485363,-0.7812565682797488,-0.6242100403868479
2025-11-03,12534307.0,738515.0,430861.0,729714.0,437041.0,71604.0,0.0,0,0,0,0,1.0902,-0.8425720899866032,0.5385835804920232,-0.9075909860952637,-0.41985545364878496
2025-11-10,12868248.0,620896.0,468400.0,751135.0,339001.0,72904.0,0.0,1,0,0,0,1.0783,-0.7717727365467837,0.6358984534680745,-0.9815381791978468,-0.19126631375382222
2025-11-17,11219051.0,759139.0,363288.0,607280.0,304896.0,66091.0,0.0,0,0,0,0,1.081,-0.6897960046655887,0.7240037789593305,-0.9988298281778684,0.04836294389478229
2025-11-24,12604767.0,657775.0,380462.0,608112.0,231758.0,50021.0,5359042.0,0,0,0,0,1.0711,-0.5978291414589552,0.801623551065242,-0.9584678386132249,0.28520063524489725
2025-12-01,12939781.0,556160.0,321448.0,580893.0,155719.0,63662.0,5665114.0,0,0,0,0,1.0783,-0.4972040784469378,0.8676336233547726,-0.8627819522593745,0.5055762087514626
2025-12-08,13392909.0,752779.0,323627.0,631733.0,146675.0,50747.0,4628635.0,0,0,0,0,1.0946,-0.3893781415452015,0.9210779895789526,-0.717295271600886,0.6967693257736101
2025-12-15,14827611.0,583765.0,358097.0,748408.0,329115.0,60571.0,6089543.0,1,0,0,0,1.0874,-0.27591294500296043,0.9611826292540837,-0.5304054598463659,0.8477440935595867
2025-12-22,14613392.0,666615.0,379702.0,869450.0,257691.0,57274.0,5409011.0,0,0,0,0,1.0989,-0.15845177496083632,0.9873667175937016,-0.3129000178799537,0.949786070023521
