date,revenue,spend_meta_ads,spend_google_search,spend_youtube,spend_influencers,spend_email,spend_tv,holiday_diwali,holiday_sale_season,holiday_new_year,holiday_ganesh_chaturthi,holiday_ugadi,holiday_pongal,holiday_durga_puja,holiday_navratri,holiday_chhath,holiday_onam,holiday_baisakhi,season_sin_1,season_cos_1,season_sin_2,season_cos_2,promo_flag,price_index
2023-01-02,9074493.0,990469.0,443955.0,341960.0,331822.0,40255.0,224288.0,0,0,0,0,0,0,0,0,0,0,0,0.03439806061360801,0.9994082116062598,0.06875540848113941,0.9976335468520451,0.3,0.9982599999999999
2023-01-09,9284618.0,963046.0,413513.0,310979.0,354206.0,37752.0,191780.0,0,0,0,0,0,1,0,0,0,0,0,0.1542040475626894,0.988039023376751,0.3047192331091634,0.9524422234305676,0.0,1.00011
2023-01-16,9450173.0,981502.0,417150.0,324655.0,292640.0,36020.0,0.0,0,0,0,0,0,0,0,0,0,0,0,0.2717767384711357,0.9623603298276545,0.5230943033491326,0.8522748088519838,0.0,1.00138
2023-01-23,9384545.0,936942.0,421145.0,325231.0,305703.0,35039.0,0.0,0,0,0,0,0,0,0,0,0,0,0,0.38541335945432564,0.9227440286201427,0.7112757519738152,0.7029130847082615,0.1,0.99961
2023-01-30,9177149.0,866481.0,404307.0,280643.0,259654.0,36247.0,0.0,0,0,0,0,0,0,0,0,0,0,0,0.49346814167723735,0.8697638720650646,0.8584015232918917,0.512978386299228,0.0,1.00136
2023-02-06,9521350.0,869392.0,437792.0,298675.0,290737.0,35086.0,0.0,0,0,0,0,0,0,0,0,0,0,0,0.5943761565849831,0.804187157621448,0.9559793438440766,0.2934339689665273,0.2,1.00332
2023-02-13,9534500.0,867081.0,423216.0,296307.0,276153.0,34486.0,318929.0,0,0,0,0,0,0,0,0,0,0,0,0.6866759803451553,0.726963615332308,0.998376906467142,0.056952196034039754,0.1,1.00308
2023-02-20,10074982.0,944216.0,443190.0,304398.0,274788.0,33999.0,363057.0,0,0,0,0,0,0,0,0,0,0,0,0.7690308592589181,0.6392116531380588,0.9831469737221499,-0.1828169249850199,0.4,0.9952
2023-02-27,9729953.0,899876.0,462439.0,339592.0,267199.0,34763.0,371210.0,0,0,0,0,0,0,0,0,0,0,0,0.8402480696078469,0.5422021592729844,0.9111686353326631,-0.41203363695942635,0.2,1.00017
2023-03-06,9622182.0,882557.0,403154.0,280711.0,332542.0,37847.0,462167.0,0,0,0,0,0,0,0,0,0,0,0,0.8992961915530253,0.4373400963303323,0.7865965660866021,-0.6174672802835514,0.0,0.9971
2023-03-13,10043842.0,940596.0,464256.0,314029.0,312962.0,37523.0,428435.0,0,0,0,0,0,0,0,0,0,0,0,0.945320046913132,0.3261441535642696,0.6166212130956382,-0.7872599821916922,0.3,0.99655
2023-03-20,10275276.0,943610.0,446982.0,330303.0,315937.0,36910.0,567206.0,0,0,0,0,1,0,0,0,0,0,0,0.9776530844816641,0.2102247521189836,0.4110537546870351,-0.9116111071930239,0.1,1.0004
2023-03-27,9723924.0,912180.0,425067.0,297454.0,325955.0,34469.0,87870.0,0,0,0,0,0,0,0,0,0,0,0,0.9958270335100595,0.09126072172931188,0.18175978759137534,-0.9833429613388902,0.0,1.00156
2023-04-03,9871991.0,960563.0,450581.0,347873.0,297921.0,34507.0,89040.0,0,0,0,0,0,0,0,0,0,0,0,0.9995786855478958,-0.029025013321975237,-0.05802556932878035,-0.9983150972033183,0.1,1.00059
2023-04-10,9986365.0,887613.0,451419.0,333505.0,392388.0,34502.0,103840.0,0,0,0,0,0,0,0,0,0,0,1,0.9888537064205885,-0.1488903868564548,-0.2944616217868012,-0.9556633054034704,0.1,1.0007
2023-04-17,9797277.0,927599.0,419027.0,292705.0,311109.0,35124.0,0.0,0,0,0,0,0,0,0,0,0,0,0,0.9638074231367307,-0.26659942067929354,-0.5139010013093103,-0.8578494977869301,0.1,1.00278
2023-04-24,9889526.0,887848.0,464275.0,275369.0,321368.0,35113.0,0.0,0,0,0,0,0,0,0,0,0,0,0,0.9248025743285089,-0.38044736628785164,-0.7036774074790128,-0.7105196029692745,0.1,0.99892
2023-05-01,9956149.0,938306.0,482238.0,348640.0,228520.0,34185.0,0.0,0,0,0,0,0,0,0,0,0,0,0,0.8724040568049612,-0.48878539428899265,-0.8528367217694595,-0.522177676659508,0.2,0.9982599999999999
2023-05-08,9619460.0,884410.0,423746.0,326417.0,304280.0,35805.0,0.0,0,0,0,0,0,0,0,0,0,0,0,0.8073707443023492,-0.5900444739548627,-0.9527692922168511,-0.30369503751065885,0.0,1.00288
2023-05-15,9863105.0,980084.0,462275.0,308639.0,359143.0,35678.0,0.0,0,0,0,0,0,0,0,0,0,0,0,0.7306444969184916,-0.6827580970759147,-0.9977068927101168,-0.06768276175455162,0.2,0.9983299999999999
2023-05-22,10007675.0,923002.0,473847.0,305228.0,279227.0,34777.0,0.0,0,0,0,0,0,0,0,0,0,0,0,0.6433365204044917,-0.765583517007675,-0.9850556718215013,0.172236243027682,0.2,1.00075
2023-05-29,10010717.0,910068.0,469303.0,322705.0,339770.0,35098.0,0.0,0,0,0,0,0,0,0,0,0,0,0,0.5467112728685939,-0.8373211953118121,-0.9155458729775467,0.40221356823680365,0.0,1.00259
2023-06-05,10249317.0,836718.0,483447.0,292359.0,383610.0,35277.0,0.0,0,0,0,0,0,0,0,0,0,0,0,0.44216815196707204,-0.8969321743510065,-0.7931896839451843,0.6089746507720486,0.1,1.00048
2023-06-12,10103109.0,885597.0,451355.0,311337.0,369302.0,34281.0,0.0,0,0,0,0,0,0,0,0,0,0,0,0.3312212278016865,-0.9435531242349544,-0.6250496486104377,0.7805849965070866,0.0,0.99849
2023-06-19,10236785.0,876979.0,493706.0,330943.0,312132.0,34198.0,0.0,0,0,0,0,0,0,0,0,0,0,0,0.21547731504673012,-0.976508846196619,-0.42083100859565564,0.9071390534005044,0.3,0.99663
2023-06-26,10166224.0,928219.0,512828.0,314945.0,331409.0,36187.0,0.0,0,0,0,0,0,0,0,0,0,0,0,0.0966127018812031,-0.9953220513156602,-0.19232150523909483,0.9813319716704275,0.1,1.00188
2023-07-03,9955356.0,893078.0,473455.0,318343.0,300123.0,38005.0,0.0,0,0,0,0,0,0,0,0,0,0,0,-0.023651127245231586,-0.9997202729664083,0.04728902277113235,0.9988812483600598,0.1,1.00277
2023-07-10,10154294.0,911208.0,506812.0,304141.0,354563.0,34061.0,0.0,0,0,0,0,0,0,0,0,0,0,0,-0.1435724234118113,-0.9896398128792412,0.2841699724797683,0.9587739184713191,0.1,0.99795
2023-07-17,10095356.0,840199.0,459363.0,297233.0,324516.0,37086.0,0.0,0,0,0,0,0,0,0,0,0,0,0,-0.2614143985111562,-0.965226663665613,0.5046482954181526,0.8633250245021008,0.2,0.9972
2023-07-24,10158985.0,871634.0,472393.0,352163.0,295602.0,34408.0,114145.0,0,0,0,0,0,0,0,0,0,0,0,-0.3754703786876202,-0.9268343944460494,0.6959977221267386,0.7180439894563502,0.2,0.9959199999999999
2023-07-31,9862962.0,968244.0,462154.0,336717.0,332714.0,35931.0,104293.0,0,0,0,0,0,0,0,0,0,0,0,-0.48408852163897587,-0.8750190302029955,0.847173337473877,0.5313166064347815,0.0,1.0002499999999999
2023-08-07,10050060.0,893818.0,463727.0,350311.0,349571.0,37676.0,110693.0,0,0,0,0,0,0,0,0,0,0,0,-0.5856957398073508,-0.8105309990194823,0.9494491062150135,0.31392100074304014,0.2,0.9994400000000001
2023-08-14,10086619.0,955031.0,464295.0,355052.0,317088.0,34279.0,517203.0,0,0,0,0,0,0,0,0,0,0,0,-0.6788204829862355,-0.734304263829602,0.9969215500633253,0.07840550375666766,0.0,1.00182
2023-08-21,9914766.0,873607.0,453681.0,394209.0,368406.0,36893.0,501474.0,0,0,0,0,0,0,0,0,0,0,0,-0.7621140503891487,-0.6474427960827475,0.9868505034357966,-0.16163565160110782,0.1,1.00244
2023-08-28,9785676.0,989102.0,441629.0,331123.0,319422.0,36489.0,519183.0,0,0,0,0,0,0,0,0,0,1,0,-0.8343701235229537,-0.5512045872199277,0.9198172790502196,-0.3923470060554182,0.0,0.99963
2023-09-04,9925080.0,1045643.0,424871.0,354360.0,388416.0,37878.0,558906.0,0,0,0,0,0,0,0,0,0,0,0,-0.8945422369764496,-0.4469834295196741,0.7996911138678691,-0.600411627469661,0.1,0.99549
2023-09-11,10049260.0,934458.0,435510.0,359428.0,346500.0,35826.0,468036.0,0,0,0,0,0,0,0,0,0,0,0,-0.9417589340994617,-0.33628873017668287,0.6334058321617086,-0.7738197799123084,0.3,0.9954700000000001
2023-09-18,10183255.0,1064403.0,491995.0,425731.0,367171.0,38089.0,640952.0,0,0,0,1,0,0,0,0,0,0,0,-0.9753363880767837,-0.2207236509605022,0.4305596169818739,-0.9025621398133328,0.3,0.9988199999999999
2023-09-25,9700754.0,1283104.0,445205.0,422169.0,475344.0,43393.0,188685.0,0,0,0,0,0,0,0,0,0,0,0,-0.994788305609327,-0.10196189005174576,0.2028609916826013,-0.9792075459541514,0.0,1.00437
2023-10-02,12161856.0,1343807.0,568166.0,523230.0,587442.0,48580.0,1984156.0,0,1,0,0,0,0,0,0,0,0,0,-0.999832969770105,0.018276557681691223,-0.03654700988811993,-0.9993319348786156,0.1,1.00247
2023-10-09,10924262.0,1763676.0,456667.0,487798.0,580561.0,53999.0,2129464.0,0,0,0,0,0,0,0,1,0,0,0,-0.9903973200352558,0.1382503109109819,-0.2738454748405547,-0.9617737030660337,0.0,1.00108
2023-10-16,11004154.0,1734201.0,442301.0,517986.0,654976.0,52650.0,2058475.0,0,0,0,0,0,0,0,0,0,0,0,-0.9666180104000972,0.2562218218071163,-0.49533725523256594,-0.8687007560596847,0.1,1.00418
2023-10-23,11428278.0,1627312.0,455094.0,452163.0,588149.0,48377.0,2144880.0,0,0,0,0,0,0,1,0,0,0,0,-0.9288394302558068,0.3704825404820963,-0.6882375836422284,-0.7254853743958638,0.3,1.00035
2023-10-30,11470539.0,1510400.0,474442.0,527689.0,634991.0,50680.0,1964339.0,0,0,0,0,0,0,0,0,0,0,0,-0.8776087166898392,0.4793776594606945,-0.8414120250581577,-0.5403941192199728,0.3,0.99993
2023-11-06,13726670.0,1737429.0,603547.0,504649.0,703332.0,52146.0,2321290.0,1,0,0,0,0,0,0,0,0,0,0,-0.8136678304455991,0.5813300798152042,-0.9460191696320084,-0.32411067660409654,0.2,0.99888
2023-11-13,11303427.0,1711811.0,463510.0,578344.0,585649.0,54177.0,207386.0,0,0,0,0,0,0,0,0,1,0,0,-0.7379428103031386,0.6748632518680403,-0.9960209693076331,-0.08911918255618792,0.1,0.99827
2023-11-20,10887342.0,1579397.0,477252.0,587506.0,636094.0,50000.0,0.0,0,0,0,0,0,0,0,0,0,0,0,-0.6515303615068021,0.75862255966641,-0.9885312610933433,0.15101637606963153,0.0,1.0011
2023-11-27,10819950.0,1534466.0,475682.0,531976.0,513657.0,51970.0,0.0,0,0,0,0,0,0,0,0,0,0,0,-0.5556819724760489,0.8313949395234058,-0.9239823598019431,0.3824350909302552,0.2,0.9983000000000001
2023-12-04,10619967.0,1280443.0,458740.0,489799.0,467992.0,45647.0,0.0,0,0,0,0,0,0,0,0,0,0,0,-0.451785789832884,0.8921264484954345,-0.8061001043286311,0.5917792002101544,0.1,0.99856
2023-12-11,10508892.0,1253659.0,465683.0,415630.0,427794.0,42940.0,186074.0,0,0,0,0,0,0,0,0,0,0,0,-0.34134651424503615,0.9399375283564133,-0.641688797825113,0.7669651144255266,0.1,1.00156
2023-12-18,10352273.0,1225162.0,423434.0,475576.0,503289.0,42008.0,196919.0,0,0,0,0,0,0,0,0,0,0,0,-0.22596360824801906,0.974135744004672,-0.4402384552773285,0.8978808954950716,0.1,1.00356
2023-12-25,10460026.0,1237475.0,487038.0,448916.0,487771.0,41518.0,202471.0,0,0,0,0,0,0,0,0,0,0,0,-0.10730813165636247,0.9942258118156161,-0.21337702862092797,0.9769699297608415,0.0,1.00066
2024-01-01,11263680.0,1255779.0,521785.0,493023.0,550870.0,41121.0,201273.0,0,0,1,0,0,0,0,0,0,0,0,0.017201575418260506,0.9998520419557735,0.03439806061360801,0.9994082116062598,0.1,1.03967
2024-01-08,10381808.0,1119634.0,478389.0,451809.0,454806.0,40224.0,173075.0,0,0,0,0,0,0,0,0,0,0,0,0.13718540405660057,0.9905453876091833,0.2717767384711357,0.9623603298276545,0.1,1.03264
2024-01-15,10571500.0,1193189.0,489935.0,408538.0,389770.0,39880.0,247748.0,0,0,0,0,0,1,0,0,0,0,0,0.2551824131233728,0.9668929289391521,0.49346814167723735,0.8697638720650646,0.1,1.03844
2024-01-22,10508500.0,1069404.0,478866.0,414027.0,446720.0,39143.0,0.0,0,0,0,0,0,0,0,0,0,0,0,0.3694836834473831,0.9292372181882051,0.6866759803451553,0.726963615332308,0.2,1.04358
2024-01-29,10537186.0,1054593.0,533844.0,354049.0,480527.0,37970.0,0.0,0,0,0,0,0,0,0,0,0,0,0,0.4784338202547012,0.8781236129591848,0.8402480696078469,0.5422021592729844,0.0,1.03956
2024-02-05,10690090.0,959716.0,479204.0,339931.0,388816.0,36227.0,0.0,0,0,0,0,0,0,0,0,0,0,0,0.580454927809098,0.8142923779467267,0.945320046913132,0.3261441535642696,0.2,1.04444
2024-02-12,10471424.0,1173491.0,493298.0,358029.0,403712.0,36747.0,0.0,0,0,0,0,0,0,0,0,0,0,0,0.6740694616546161,0.7386679638813748,0.9958270335100595,0.09126072172931188,0.1,1.03926
2024-02-19,10571226.0,1060769.0,492758.0,397258.0,406210.0,40830.0,0.0,0,0,0,0,0,0,0,0,0,0,0,0.7579216274973472,0.6523456189565257,0.9888537064205885,-0.1488903868564548,0.1,1.03972
2024-02-26,10601235.0,1180414.0,490040.0,395113.0,508377.0,36940.0,0.0,0,0,0,0,0,0,0,0,0,0,0,0.8307970168121247,0.5565755266413303,0.9248025743285089,-0.38044736628785164,0.1,1.0402900000000002
2024-03-04,10666726.0,1029132.0,476021.0,363340.0,380414.0,37665.0,491629.0,0,0,0,0,0,0,0,0,0,0,0,0.8916401947968874,0.45274469960737107,0.8073707443023492,-0.5900444739548627,0.2,1.0371000000000001
2024-03-11,10967261.0,1107843.0,497274.0,377829.0,295116.0,39714.0,471694.0,0,0,0,0,0,0,0,0,0,0,0,0.9395699859530622,0.342356891994542,0.6433365204044917,-0.765583517007675,0.1,1.03754
2024-03-18,10892999.0,1096369.0,492947.0,408153.0,377448.0,35046.0,531722.0,0,0,0,0,0,0,0,0,0,0,0,0.9738922359149924,0.22701082094141847,0.44216815196707204,-0.8969321743510065,0.2,1.03902
2024-03-25,11042855.0,1173513.0,502790.0,425274.0,423170.0,38689.0,507975.0,0,0,0,0,0,0,0,0,0,0,0,0.9941098647022418,0.10837701279187609,0.21547731504673012,-0.976508846196619,0.2,1.03444
2024-04-01,10955023.0,1140666.0,487693.0,431817.0,470918.0,39456.0,528071.0,0,0,0,0,0,0,0,0,0,0,0,0.9999300657962057,-0.011826390691832589,-0.023651127245231586,-0.9997202729664083,0.2,1.0417
2024-04-08,11433093.0,1251355.0,552657.0,445765.0,432021.0,42388.0,514172.0,0,0,0,0,1,0,0,0,0,0,1,0.9912685467787256,-0.13185851571739118,-0.2614143985111562,-0.965226663665613,0.2,1.04231
2024-04-15,10873634.0,1180139.0,508933.0,404121.0,380602.0,40144.0,0.0,0,0,0,0,0,0,0,0,0,0,0,0.9682507501166718,-0.2499809690726521,-0.48408852163897587,-0.8750190302029955,0.0,1.04048
2024-04-22,10992090.0,1077436.0,516196.0,369692.0,411585.0,41301.0,0.0,0,0,0,0,0,0,0,0,0,0,0,0.9312100364121947,-0.3644830148102912,-0.6788204829862355,-0.734304263829602,0.2,1.03618
2024-04-29,11147083.0,1133437.0,547660.0,445479.0,465057.0,42571.0,0.0,0,0,0,0,0,0,0,0,0,0,0,0.8806828564301475,-0.47370635037968,-0.8343701235229537,-0.5512045872199277,0.1,1.0376400000000001
2024-05-06,11171802.0,1095123.0,536561.0,361036.0,468647.0,38829.0,0.0,0,0,0,0,0,0,0,0,0,0,0,0.8174009818249189,-0.5760691233798758,-0.9417589340994617,-0.33628873017668287,0.3,1.0401099999999999
2024-05-13,10809892.0,1043987.0,501522.0,371144.0,415979.0,40284.0,0.0,0,0,0,0,0,0,0,0,0,0,0,0.742280907086982,-0.6700888411055113,-0.994788305609327,-0.10196189005174576,0.1,1.0382
2024-05-20,10611494.0,1082252.0,496666.0,425022.0,405113.0,39307.0,0.0,0,0,0,0,0,0,0,0,0,0,0,0.6564105761979381,-0.7544038410927472,-0.9903973200352558,0.1382503109109819,0.0,1.0345600000000001
2024-05-27,10743933.0,1049206.0,505244.0,437203.0,404340.0,39183.0,0.0,0,0,0,0,0,0,0,0,0,0,0,0.5610336262283677,-0.8277930117131022,-0.9288394302558068,0.3704825404820963,0.0,1.0405900000000001
2024-06-03,11195053.0,1183934.0,544067.0,406298.0,390990.0,38588.0,0.0,0,0,0,0,0,0,0,0,0,0,0,0.4575313760742512,-0.8891934772070711,-0.8136678304455991,0.5813300798152042,0.2,1.04168
2024-06-10,10917977.0,1097340.0,500366.0,381326.0,448353.0,40796.0,0.0,0,0,0,0,0,0,0,0,0,0,0,0.3474028211842774,-0.9377159910299093,-0.6515303615068021,0.75862255966641,0.1,1.04448
2024-06-17,10947268.0,1133861.0,548168.0,397793.0,352168.0,39380.0,0.0,0,0,0,0,0,0,0,0,0,0,0,0.23224292400907015,-0.9726578145718654,-0.451785789832884,0.8921264484954345,0.0,1.0384600000000002
2024-06-24,10917331.0,1076770.0,512978.0,398714.0,417210.0,39412.0,0.0,0,0,0,0,0,0,0,0,0,0,0,0.11371951458594969,-0.9935128947338007,-0.22596360824801906,0.974135744004672,0.0,1.04457
2024-07-01,10985293.0,1085388.0,558222.0,393164.0,318946.0,37276.0,0.0,0,0,0,0,0,0,0,0,0,0,0,-0.00645086419810515,-0.9999791929590823,0.012901459949419653,0.9999167727021953,0.1,1.0415699999999999
2024-07-08,11083495.0,1113331.0,579904.0,447293.0,460387.0,36861.0,0.0,0,0,0,0,0,0,0,0,0,0,0,-0.12652781683868314,-0.9919630595773397,0.2510218406258827,0.9679814231320734,0.1,1.04116
2024-07-15,11057860.0,1144214.0,506962.0,459843.0,368366.0,42026.0,0.0,0,0,0,0,0,0,0,0,0,0,0,-0.24477230089725957,-0.9695805901076308,0.47465294389193496,0.8801730414269229,0.1,1.03977
2024-07-22,10996726.0,1054075.0,544509.0,433429.0,425999.0,40218.0,0.0,0,0,0,0,0,0,0,0,0,0,0,-0.3594718130884232,-0.9331559438780432,0.6708865180801582,0.7415600311898435,0.2,1.03986
2024-07-29,11021044.0,1101873.0,545239.0,372531.0,424194.0,41334.0,448674.0,0,0,0,0,0,0,0,0,0,0,0,-0.46896519100763184,-0.8832166493127127,0.8283957292921138,0.5601432992463508,0.3,1.03798
2024-08-05,11040657.0,1265426.0,534066.0,483241.0,394646.0,38739.0,627377.0,0,0,0,0,0,0,0,0,0,0,0,-0.5716666713027052,-0.8204859638785327,0.9380889596420647,0.3463944338433696,0.1,1.03634
2024-08-12,11237753.0,1219206.0,527393.0,398815.0,408550.0,39757.0,605668.0,0,0,0,0,0,0,0,0,0,0,0,-0.666088855860977,-0.7458723993404063,0.993634586189866,0.11265127219562909,0.2,1.0363099999999998
2024-08-19,10879997.0,1268435.0,515785.0,417423.0,436569.0,41833.0,574350.0,0,0,0,0,0,0,0,0,0,0,0,-0.7508642533989489,-0.6604565640279754,0.9918264497026016,-0.12759425406472188,0.1,1.0382799999999999
2024-08-26,11226113.0,1180072.0,548552.0,431080.0,420106.0,40770.0,668203.0,0,0,0,0,0,0,0,0,0,0,0,-0.8247650844733614,-0.5654755126737576,0.9327689179559782,-0.3604748891327019,0.3,1.0379
2024-09-02,11210020.0,1406752.0,517538.0,450302.0,455004.0,47473.0,813229.0,0,0,0,1,0,0,0,0,0,0,0,-0.886721063082993,-0.46230483047981086,0.8198708615029215,-0.5725484874300667,0.1,1.03949
2024-09-09,11025088.0,1322475.0,497123.0,510794.0,539683.0,41986.0,311611.0,0,0,0,0,0,0,0,0,0,1,0,-0.9358348973349941,-0.35243871088460327,0.6596488896351408,-0.7515739101399981,0.1,1.04208
2024-09-16,10898995.0,1472214.0,541959.0,572437.0,769403.0,50300.0,183688.0,0,0,0,0,0,0,0,0,0,0,0,-0.97139528468375,-0.23746831555846842,0.461351203990578,-0.8872175982116474,0.1,1.0387499999999998
2024-09-23,13479261.0,1840677.0,718218.0,591000.0,906692.0,56253.0,2343482.0,0,1,0,0,0,0,0,0,0,0,0,-0.9928872135356962,-0.11905873003404988,0.23642378142121298,-0.9716500376053585,0.2,1.04221
2024-09-30,11950357.0,1928790.0,535265.0,687456.0,1278571.0,57155.0,2247579.0,0,0,0,0,0,0,0,1,0,0,0,-0.9999994220246925,0.001075151282798226,-0.0021503013227746654,-0.9999976880994382,0.1,1.0393000000000001
2024-10-07,12048237.0,1786444.0,539020.0,696650.0,677627.0,60671.0,2283972.0,0,0,0,0,0,0,1,0,0,0,0,-0.9926289059345095,0.121193461470736,-0.2406002661322256,-0.9706242897934825,0.1,1.03641
2024-10-14,12246040.0,1720619.0,522299.0,647054.0,794845.0,57234.0,2359060.0,0,0,0,0,0,0,0,0,0,0,0,-0.9708824104813836,0.23955655912092708,-0.46516249913190355,-0.8852253099642835,0.1,1.04039
2024-10-21,12251425.0,1808255.0,499859.0,550512.0,799241.0,55626.0,2266029.0,0,0,0,0,0,0,0,0,0,0,0,-0.9350748843515574,0.3544502230989869,-0.6628750027453377,-0.7487300786901568,0.2,1.0413000000000001
2024-10-28,14512946.0,1923172.0,732218.0,633818.0,778526.0,53314.0,2384594.0,1,0,0,0,0,0,0,0,0,0,0,-0.8857249183835637,0.4642104791518923,-0.8223255775192096,-0.5690172620911411,0.2,1.03898
2024-11-04,12390458.0,1846666.0,561667.0,714921.0,917030.0,56856.0,224450.0,0,0,0,0,0,0,0,0,1,0,0,-0.8235472349556007,0.5672476988027229,-0.9343105477678196,-0.3564600964060307,0.1,1.0389700000000002
2024-11-11,12065226.0,1792428.0,516520.0,676300.0,876260.0,54685.0,0.0,0,0,0,0,0,0,0,0,0,0,0,-0.7494423368521953,0.6620696215153815,-0.9923660086146721,-0.12332763253295889,0.1,1.03457
2024-11-18,11461527.0,1731179.0,510445.0,636765.0,892982.0,54332.0,0.0,0,0,0,0,0,0,0,0,0,0,0,-0.6644834655228552,0.7473029667054297,-0.9931409302238695,0.11692344809347308,0.0,1.03502
2024-11-25,11261948.0,1511524.0,535104.0,523145.0,570971.0,45700.0,0.0,0,0,0,0,0,0,0,0,0,0,0,-0.5699010576127624,0.821713322596059,-0.936590583203982,0.3504255690637097,0.0,1.03924
2024-12-02,11247718.0,1379221.0,526930.0,499121.0,473269.0,43434.0,0.0,0,0,0,0,0,0,0,0,0,0,0,-0.46706492487743034,0.8842230238742036,-0.8259791204413983,0.5637007118984807,0.2,1.03579
2024-12-09,10906354.0,1274605.0,484157.0,495392.0,561669.0,40717.0,180525.0,0,0,0,0,0,0,0,0,0,0,0,-0.3574644155648614,0.9339267592294762,-0.6676911663366994,0.7444383832097442,0.1,1.04572
2024-12-16,11320403.0,1277137.0,508497.0,444648.0,585720.0,44676.0,208550.0,0,0,0,0,0,0,0,0,0,0,0,-0.2426868445825954,0.9701046827361175,-0.4708632887360563,0.8822061909330864,0.1,1.03836
2024-12-23,11045000.0,1288065.0,544319.0,572850.0,621223.0,44293.0,209076.0,0,0,0,0,0,0,0,0,0,0,0,-0.12439450483979998,0.9922328391893008,-0.2468566254334839,0.9690520143313219,0.0,1.0407899999999999
2024-12-30,12437053.0,1499738.0,552440.0,595406.0,594444.0,44349.0,243862.0,0,0,1,0,0,0,0,0,0,0,0,-0.004300592702981974,0.9999907524084426,-0.008601105865714402,0.9999630098048061,0.3,1.03752
2025-01-06,11259083.0,1418599.0,531081.0,491720.0,539726.0,46071.0,237969.0,0,0,0,0,0,0,0,0,0,0,0,0.10303137904317879,0.9946781061893646,0.20496611396949532,0.9787690698649216,0.1,1.08023
2025-01-13,11475482.0,1351537.0,555692.0,502073.0,637566.0,45679.0,253938.0,0,0,0,0,0,1,0,0,0,0,0,0.22177215755648186,0.975098513039961,0.4324994021339788,0.901634220265486,0.0,1.07808
2025-01-20,11335077.0,1285753.0,541924.0,482962.0,547386.0,43776.0,0.0,0,0,0,0,0,0,0,0,0,0,0,0.3373010691361842,0.9413968285264122,0.6350683134867438,0.7724559775191742,0.0,1.07604
2025-01-27,11472632.0,1294887.0,549354.0,471715.0,466030.0,41078.0,0.0,0,0,0,0,0,0,0,0,0,0,0,0.44794493940789115,0.8940611451454876,0.8009803309782905,0.5986906625177214,0.2,1.07816
2025-02-03,11318559.0,1205226.0,560129.0,501037.0,473552.0,42508.0,0.0,0,0,0,0,0,0,0,0,0,0,0,0.5521013427459208,0.8337770129585915,0.9206588168102428,0.3903682146763026,0.1,1.08117
2025-02-10,11319632.0,1219388.0,557834.0,488191.0,560607.0,39752.0,0.0,0,0,0,0,0,0,0,0,0,0,0,0.6482618097757122,0.7614175109532997,0.9871957872910085,0.15951325197263655,0.0,1.0786200000000001
2025-02-17,11265969.0,1277025.0,557772.0,423170.0,496859.0,42465.0,403797.0,0,0,0,0,0,0,0,0,0,0,0,0.7350336741329412,0.6780306024735382,0.9967506498213929,-0.08054900421874167,0.0,1.08529
2025-02-24,12065786.0,1312617.0,594857.0,464653.0,553873.0,41091.0,404468.0,0,0,0,0,0,0,0,0,0,0,0,0.8111602420785621,0.5848239578463322,0.9487718864399473,-0.31596187665790293,0.4,1.07492
2025-03-03,11816404.0,1309773.0,607302.0,470849.0,562259.0,39486.0,397524.0,0,0,0,0,0,0,0,0,0,0,0,0.8755389928586302,0.4831474640149687,0.8460288880917339,-0.533137056031809,0.2,1.08567
2025-03-10,11804967.0,1197243.0,632616.0,453004.0,629779.0,43644.0,483053.0,0,0,0,0,0,0,0,0,0,0,0,0.9272375462179537,0.374473674486883,0.6944521021088763,-0.719538934232584,0.2,1.08781
2025-03-17,11607408.0,1246819.0,592769.0,518404.0,533954.0,42918.0,599738.0,0,0,0,0,0,0,0,0,0,0,0,0.9655071658143364,0.2603764827344581,0.5027907197793043,-0.8644081744776648,0.1,1.08135
2025-03-24,12262504.0,1269521.0,634030.0,560515.0,544940.0,46124.0,655304.0,0,0,0,0,1,0,0,0,0,0,0,0.9897936029670716,0.14250832791617088,0.2821076626819194,-0.9593827529490743,0.2,1.07853
2025-03-31,11659954.0,1419797.0,610266.0,478015.0,581853.0,43433.0,138019.0,0,0,0,0,0,0,0,0,0,0,0,0.9997451236925734,0.022576263041545485,0.04514101777397193,-0.9989806246941579,0.1,1.07762
2025-04-07,11569950.0,1304986.0,547124.0,514476.0,578009.0,45033.0,143550.0,0,0,0,0,0,0,0,0,0,0,0,0.9952176027737294,-0.09768276782171598,-0.19443122004766195,-0.9809161537413774,0.0,1.0844200000000002
2025-04-14,11742948.0,1260332.0,575167.0,487417.0,426999.0,44855.0,111211.0,0,0,0,0,0,0,0,0,0,0,1,0.9762766110869321,-0.21652708524481437,-0.4227806579826773,-0.9062320427107697,0.1,1.0844200000000002
2025-04-21,11973997.0,1391951.0,608341.0,499451.0,503304.0,44465.0,0.0,0,0,0,0,0,0,0,0,0,0,0,0.9431964659565866,-0.33223549871590435,-0.6267266965083301,-0.7792391467859886,0.1,1.08048
2025-04-28,11912840.0,1341760.0,623435.0,460658.0,760668.0,42646.0,0.0,0,0,0,0,0,0,0,0,0,0,0,0.8964562582905575,-0.44313223418263453,-0.7944973291665992,-0.6072676460566135,0.1,1.07192
2025-05-05,11759825.0,1413967.0,618671.0,512749.0,638195.0,39565.0,0.0,0,0,0,0,0,0,0,0,0,0,0,0.8367329140344921,-0.5476112038402312,-0.9164086366943458,-0.4002439388573056,0.1,1.08781
2025-05-12,12002234.0,1257465.0,620910.0,465843.0,517003.0,45685.0,0.0,0,0,0,0,0,0,0,0,0,0,0,0.7648913904341226,-0.6441592666722685,-0.9854237542919524,-0.17011767832049052,0.4,1.08028
2025-05-19,11943219.0,1282100.0,622338.0,496060.0,502065.0,42224.0,0.0,0,0,0,0,0,0,0,0,0,0,0,0.6819721490904629,-0.7313781428679254,-0.9975590477788613,0.06982797572987089,0.3,1.0782
2025-05-26,12028687.0,1330898.0,578064.0,502604.0,515693.0,44052.0,0.0,0,0,0,0,0,0,0,0,0,0,0,0.5891760872322963,-0.8080046647350754,-0.9521140536681102,0.3057430764672831,0.1,1.0869
2025-06-02,11973801.0,1322971.0,631778.0,521312.0,585337.0,43511.0,0.0,0,0,0,0,0,0,0,0,0,0,0,0.4878471454423119,-0.8729290708206411,-0.8517119107469189,0.5240103253675756,0.2,1.0761800000000001
2025-06-09,11867778.0,1425349.0,555751.0,535057.0,516376.0,43329.0,0.0,0,0,0,0,0,0,0,0,0,0,0,0.37945284372454435,-0.925211078289358,-0.7021479494046978,0.7120310787787131,0.2,1.08077
2025-06-16,12032128.0,1198039.0,600219.0,527798.0,469977.0,44192.0,0.0,0,0,0,0,0,0,0,0,0,0,0,0.26556302780405594,-0.9640935007889755,-0.5120551783114646,0.8589525565270845,0.1,1.0811899999999999
2025-06-23,11834739.0,1472619.0,622018.0,501226.0,566780.0,43925.0,0.0,0,0,0,0,0,0,0,0,0,0,0,0.14782713347053048,-0.9890132145779883,-0.29240597695107734,0.9562942772197719,0.2,1.08294
2025-06-30,11926142.0,1386280.0,637375.0,505838.0,559231.0,39452.0,0.0,0,0,0,0,0,0,0,0,0,0,0,0.02795029824021032,-0.999609314096404,-0.05587875690537313,0.9984375616565666,0.2,1.07806
2025-07-07,11861721.0,1287928.0,638880.0,573379.0,576097.0,43134.0,0.0,0,0,0,0,0,0,0,0,0,0,0,-0.09233133369539122,-0.9957283388645872,0.18387385105132759,0.9829498496360606,0.1,1.0802999999999998
2025-07-14,11939926.0,1296260.0,601470.0,503764.0,541575.0,42731.0,0.0,0,0,0,0,0,0,0,0,0,0,0,-0.2112757555821793,-0.9774264960104055,0.4130130429412807,0.9107251102063585,0.0,1.08135
2025-07-21,12089159.0,1243811.0,646120.0,530440.0,638310.0,42261.0,409421.0,0,0,0,0,0,0,0,0,0,0,0,-0.3271603271220951,-0.9449688462364056,0.6183126337097825,0.7859322407147274,0.3,1.08441
2025-07-28,12138765.0,1380396.0,601160.0,480133.0,524707.0,43750.0,589843.0,0,0,0,0,0,0,0,0,0,0,0,-0.4383067230125192,-0.898825465016444,0.7879224882631226,0.6157744331240536,0.2,1.07995
2025-08-04,12003098.0,1378194.0,625987.0,509385.0,555564.0,43170.0,566962.0,0,0,0,0,0,0,0,0,0,0,0,-0.5431052396834317,-0.8396646346181327,0.912052525275964,0.41007339725680436,0.2,1.07734
2025-08-11,11929080.0,1340010.0,616113.0,529726.0,683478.0,43945.0,654747.0,0,0,0,0,0,0,0,0,0,0,0,-0.6400381082043503,-0.7683431655492202,0.9835378122597296,0.18070244009239297,0.1,1.08516
2025-08-18,12098555.0,1345927.0,595262.0,513231.0,555574.0,44084.0,719885.0,0,0,0,0,0,0,0,0,0,0,0,-0.7277014757264236,-0.6858939875998223,0.9982521339365441,-0.0590988755488295,0.2,1.0767900000000001
2025-08-25,12290876.0,1536466.0,586158.0,535984.0,647485.0,42851.0,863828.0,0,0,0,1,0,0,0,0,0,0,0,-0.8048257371083452,-0.593511190196115,0.9553461622632788,-0.29548893422398215,0.2,1.0779299999999998
2025-09-01,12026641.0,1665200.0,581914.0,557130.0,625699.0,48053.0,370067.0,0,0,0,0,0,0,0,0,0,1,0,-0.8702939222685674,-0.49253272872205434,0.8572964806503138,-0.5148230222752145,0.0,1.08155
2025-09-08,11883690.0,1787543.0,571813.0,592436.0,836340.0,50639.0,224912.0,0,0,0,0,0,0,0,0,0,0,0,-0.9231578729647039,-0.38442104726885545,0.709762632639161,-0.7044409168334328,0.0,1.07987
2025-09-15,12651908.0,2258527.0,586380.0,723889.0,918684.0,59101.0,2492298.0,0,0,0,0,0,0,0,0,0,0,0,-0.9626519747161487,-0.2707418984477642,0.5212604463582784,-0.8533976488498011,0.1,1.0812300000000001
2025-09-22,14390233.0,2454442.0,820734.0,775432.0,1016874.0,63736.0,2580707.0,0,1,0,0,0,0,0,1,0,0,0,-0.9882042449941422,-0.15314166701312007,0.30267049085568926,-0.9530952596488853,0.0,1.08296
2025-09-29,13376471.0,2437832.0,621207.0,936691.0,1302770.0,68805.0,2720505.0,0,0,0,0,0,0,1,0,0,0,0,-0.9994446170919858,-0.033323525711631344,0.06661003679003268,-0.9977790852682925,0.1,1.08239
2025-10-06,13150997.0,2533507.0,573877.0,838853.0,1246380.0,61146.0,2818641.0,0,0,0,0,0,0,0,0,0,0,0,-0.9962102997023297,0.0869772313136861,-0.17329522734857217,-0.9848699224660111,0.0,1.0897700000000001
2025-10-13,13212201.0,2335830.0,582644.0,826202.0,1021209.0,63688.0,2636210.0,0,0,0,0,0,0,0,0,0,0,0,-0.9785481345802031,0.20601832032517084,-0.40319768608708534,-0.9151129033807907,0.1,1.0823
2025-10-20,15306463.0,2202391.0,827212.0,879321.0,1087170.0,62153.0,2657143.0,1,0,0,0,0,0,0,0,0,0,0,-0.9467139181463862,0.3220757010206104,-0.6098270977059321,-0.7925344856241648,0.1,1.07847
2025-10-27,13157539.0,2125135.0,600054.0,814236.0,1102194.0,62939.0,192584.0,0,0,0,0,0,0,0,0,1,0,0,-0.9011686968561569,0.4334685453485363,-0.7812565682797488,-0.6242100403868479,0.0,1.0796
2025-11-03,13025080.0,2162509.0,642265.0,924589.0,1043152.0,60579.0,0.0,0,0,0,0,0,0,0,0,0,0,0,-0.8425720899866032,0.5385835804920232,-0.9075909860952637,-0.4198554536487849,0.1,1.07827
2025-11-10,12266951.0,1861459.0,570449.0,732227.0,911291.0,53144.0,0.0,0,0,0,0,0,0,0,0,0,0,0,-0.7717727365467837,0.6358984534680745,-0.9815381791978468,-0.19126631375382222,0.0,1.08693
2025-11-17,12016665.0,1683230.0,582809.0,674968.0,713624.0,50928.0,0.0,0,0,0,0,0,0,0,0,0,0,0,-0.6897960046655887,0.7240037789593305,-0.9988298281778684,0.04836294389478229,0.0,1.0852
2025-11-24,11889761.0,1693237.0,541831.0,677309.0,673705.0,49701.0,0.0,0,0,0,0,0,0,0,0,0,0,0,-0.5978291414589552,0.801623551065242,-0.9584678386132249,0.28520063524489725,0.0,1.08285
2025-12-01,12133600.0,1570742.0,604769.0,523839.0,818192.0,44444.0,0.0,0,0,0,0,0,0,0,0,0,0,0,-0.4972040784469378,0.8676336233547726,-0.8627819522593745,0.5055762087514626,0.3,1.08817
2025-12-08,11873882.0,1436456.0,593219.0,560434.0,627999.0,46661.0,198553.0,0,0,0,0,0,0,0,0,0,0,0,-0.3893781415452015,0.9210779895789526,-0.717295271600886,0.6967693257736101,0.2,1.08096
2025-12-15,11886094.0,1479498.0,573105.0,555466.0,718186.0,45399.0,247303.0,0,0,0,0,0,0,0,0,0,0,0,-0.27591294500296043,0.9611826292540837,-0.5304054598463659,0.8477440935595867,0.1,1.08316
2025-12-22,11922154.0,1783979.0,579622.0,634764.0,579448.0,49099.0,245173.0,0,0,0,0,0,0,0,0,0,0,0,-0.15845177496083632,0.9873667175937016,-0.3129000178799537,0.949786070023521,0.0,1.08798
