date,baseline,trend,seasonality,holiday,promo,price,meta_ads,google_search,youtube,influencers,email,tv,noise
2023-01-02,6000000.0,0.0,-39649.98151349866,0.0,0.0,1799.9999999998017,442923.25486031506,777465.2490516121,141171.94874166916,1083855.1598766246,140623.77399810185,0.0,-61220.4050148246
2023-01-09,6000000.0,13798.76796714579,26389.999702749716,0.0,0.0,-63720.000000000175,642151.1248431762,791561.6467735152,192542.79787353106,1341325.7998853447,158760.55895807248,0.0,-147496.69600353602
2023-01-16,6000000.0,27597.53593429158,83053.92868622475,0.0,0.0,-4680.000000000284,646327.856452409,848196.7967362406,244631.17264987406,1222995.2765329075,164617.19906750123,0.0,-174195.7660594497
2023-01-23,6000000.0,41396.30390143737,129167.68801906788,0.0,0.0,-35280.00000000011,562165.7838229488,806308.8674191231,269519.1818634626,1255290.761694899,159603.49726614557,0.0,208400.9160129157
2023-01-30,6000000.0,55195.07186858316,164249.494037078,0.0,900000.0,18000.000000000015,574829.4864210677,852841.6417723316,330005.38311533845,1382320.2523324687,152258.74908338673,0.0,76771.92136974527
2023-02-06,6000000.0,68993.83983572896,188506.1342167105,0.0,0.0,42480.00000000012,551080.423433894,858705.0597470022,340393.43436593504,1423796.1494123414,163902.44109177619,0.0,195524.51789661217
2023-02-13,6000000.0,82792.60780287474,202788.70930668619,0.0,0.0,34920.00000000015,547800.8339287067,792082.663452092,327929.89910091547,1374866.1372800213,168665.1388193026,0.0,-2637.989690599343
2023-02-20,6000000.0,96591.37577002053,208510.90292943086,0.0,0.0,26279.9999999999,565314.0357819966,727395.2423305768,325681.6670109832,1426500.1906769907,162205.37995570595,0.0,153960.20554429697
2023-02-27,6000000.0,110390.14373716632,207534.96842053146,0.0,0.0,-76680.00000000035,589204.8792749993,874709.5193146507,320457.6784022462,1408032.532950153,164323.9655131773,0.0,-125654.68761292275
2023-03-06,6000000.0,124188.91170431212,202032.48331916233,0.0,0.0,29519.999999999945,562018.3525013112,889068.5628487135,312635.7303538168,1479420.5858374787,166751.69414878153,0.0,668919.679286426
2023-03-13,6000000.0,137987.6796714579,194328.36881027473,0.0,0.0,-30239.999999999865,608126.061506459,830313.5235457191,291423.0385305847,1416675.2982378614,166575.24111869032,0.0,-470379.2114210473
2023-03-20,6000000.0,151786.44763860368,186737.62117254295,0.0,0.0,32400.00000000003,542864.0917771722,758851.6305715161,297139.25103594,1324383.1975120627,163084.8980042451,0.0,378280.8622879173
2023-03-27,6000000.0,165585.2156057495,181404.60031855135,0.0,0.0,-33480.00000000031,561216.7530162262,820390.0021696397,288616.2635840116,1352938.046121093,162388.5294324943,0.0,410372.5897522341
2023-04-03,6000000.0,179383.98357289526,180154.54417846556,0.0,0.0,-13680.000000000093,678814.670048219,824136.6846487444,274385.414880896,1089413.7099788175,161828.71725023232,0.0,-255647.72455826926
2023-04-10,6000000.0,193182.75154004106,184366.2375699201,0.0,0.0,5760.000000000165,620421.5638553639,844244.0647732835,303646.96949442883,1271683.2787308982,150843.2300391454,0.0,668781.9039969174
2023-04-17,6000000.0,206981.51950718684,194873.5035334889,0.0,0.0,1439.9999999998413,647617.9382096981,804084.6162752389,318060.78667727706,995617.4007746603,161166.21647250518,0.0,298647.0185499458
2023-04-24,6000000.0,220780.28747433264,211901.4772353966,0.0,0.0,23399.99999999982,605399.1483400762,816985.5753604922,284736.51679316914,994087.4932850597,149226.31919564583,0.0,291342.18231583055
2023-05-01,6000000.0,234579.0554414784,235041.5666680977,0.0,900000.0,-16199.999999999814,609712.231424171,886156.5401263013,296325.9334364218,1255915.5284596672,150611.9817026826,0.0,8406.162741178825
2023-05-08,6000000.0,248377.82340862424,263266.71988007205,0.0,0.0,16199.999999999814,587613.1629998973,777878.1204082278,330213.9963120509,1352850.6831094187,165867.22181975556,0.0,-65167.72793804693
2023-05-15,6000000.0,262176.59137577,294986.2379478432,0.0,0.0,44279.99999999992,576273.5471288247,841425.4070499218,351394.56839799706,1228912.8311628345,165522.31612963087,0.0,-62822.49919282161
2023-05-22,6000000.0,275975.3593429158,328137.0345538616,0.0,0.0,46080.000000000124,550658.3052957581,924598.4378011846,363295.153376965,1211787.7243597796,170132.94964623332,0.0,117159.03562330252
2023-05-29,6000000.0,289774.1273100616,360306.08263284777,0.0,0.0,-6120.0000000001255,588911.9902325218,868927.4232091042,349016.1758734961,1456820.6700196543,159071.22652764266,0.0,420356.3041946724
2023-06-05,6000000.0,303572.89527720737,388876.9316179341,0.0,0.0,-56880.00000000013,554393.1863230474,826564.8170408824,323258.8513212078,1350827.6240246128,150841.79813106777,0.0,54393.89626404105
2023-06-12,6000000.0,317371.6632443532,411191.73336301924,0.0,0.0,-5760.000000000165,601691.5280074516,823014.3591439668,302894.3097937129,1616455.464995615,155537.3379934723,0.0,-273433.3965415925
2023-06-19,6000000.0,331170.431211499,424719.26508462353,0.0,0.0,4319.999999999924,635612.156900971,863845.5050986195,321059.31277016393,1485301.6718228774,158966.80085468324,0.0,247327.85625656229
2023-06-26,6000000.0,344969.19917864475,427219.03926497715,0.0,0.0,-10439.999999999649,619304.6064628398,779533.8466163236,332918.0797298576,1456393.69652201,159605.09181469437,0.0,276345.44041065284
2023-07-03,6000000.0,358767.9671457905,416891.7671410012,0.0,0.0,-47159.9999999996,589514.3043050336,834403.5132452397,362489.11852217565,1578960.2107677353,167290.47013294123,0.0,196397.64874008272
2023-07-10,6000000.0,372566.73511293635,392507.1846851755,0.0,900000.0,-7919.999999999927,608493.589526231,879699.3148409467,375118.97448376246,1480429.9571704124,158574.31500878534,0.0,223649.9291717504
2023-07-17,6000000.0,386365.5030800821,353501.51567628735,0.0,0.0,14759.999999999973,586462.3938080142,925789.8195387315,356044.90519086004,1327452.8415580653,161819.5754854829,0.0,-81278.55433752414
2023-07-24,6000000.0,400164.2710472279,300038.56309686025,0.0,0.0,-39960.00000000039,629219.6193597642,861986.8900628358,323271.18820597295,1336670.0296758288,153395.4649399062,0.0,-278697.02638839633
2023-07-31,6000000.0,413963.0390143737,233030.48911381356,0.0,0.0,-15479.999999999894,543141.1036639038,860755.3193130227,320966.1907749428,1350618.99746388,161798.48079215604,0.0,-260457.62013609198
2023-08-07,6000000.0,427761.8069815195,154116.64631357836,0.0,0.0,-55440.00000000029,565213.7266086759,812230.7967484175,331971.43577739544,1227610.3355102467,160406.38580647987,0.0,-490639.1337463145
2023-08-14,6000000.0,441560.5749486653,65601.22612785888,0.0,0.0,-6480.0000000000855,514427.6155189895,850694.5006409674,329627.2168815247,1283208.7533151275,155076.77504133567,0.0,71084.33752553041
2023-08-21,6000000.0,455359.34291581105,-29647.143956137967,0.0,0.0,43919.999999999956,513763.6775383311,848925.0553261944,320820.1438415511,1256548.2131963903,157664.8047564556,0.0,-25035.093618595016
2023-08-28,6000000.0,469158.1108829568,-128328.53113942959,0.0,0.0,49320.00000000016,630840.2128019236,825516.664544245,334327.7643505596,1441566.6890817664,158672.48801768804,0.0,-131996.39853970963
2023-09-04,6000000.0,482956.8788501027,-226870.34150719483,0.0,0.0,-59399.999999999854,648896.7543425453,789863.3533820434,326382.444745908,1415934.25245155,158518.0777005447,0.0,-886685.4199654975
2023-09-11,6000000.0,496755.6468172485,-321602.7815582127,0.0,0.0,-61920.00000000038,597801.0176150877,839788.9401745301,320705.8895261293,1380174.7760441543,173906.96930693096,0.0,-374195.45792586775
2023-09-18,6000000.0,510554.41478439426,-408941.4546056966,0.0,0.0,6480.0000000000855,565815.4655700679,817514.3893962591,345222.1024249678,1412848.9384403212,166686.0863385331,0.0,336252.0576511522
2023-09-25,6000000.0,524353.18275154,-485566.97567677376,0.0,0.0,13680.000000000093,534503.0414270561,738056.4235414751,356236.9061939394,1530552.236505576,170810.05807526945,0.0,-199387.87281808176
2023-10-02,6000000.0,538151.9507186859,-548591.6324255689,1500000.0,0.0,-52559.9999999998,667688.5130343366,914864.2924733185,397122.2192648481,1694652.4751065029,166757.66123784598,148914.8767938349,108177.64379619535
2023-10-09,6000000.0,551950.7186858316,-595703.8333640803,0.0,0.0,39959.99999999999,880015.6683772076,825458.2523899068,430438.03969192656,1629810.743531508,178935.15733460017,267116.88892931544,-417205.63557621534
2023-10-16,6000000.0,565749.4866529774,-625282.3276963941,0.0,0.0,32040.00000000007,844597.2110839891,833272.5655421328,414457.5733978705,1588371.1281540962,184833.4824869267,367551.3427517503,431611.5376266522
2023-10-23,6000000.0,579548.2546201232,-636473.8820361163,0.0,0.0,-23039.99999999986,781235.8457794692,815384.482450812,416160.41348531336,1786623.0879370265,181205.45400911628,464851.528571182,-43208.18481692863
2023-10-30,6000000.0,593347.022587269,-629230.1607454829,0.0,0.0,14040.000000000053,806714.0435646141,788096.2744638579,470226.5528556414,1720583.4607860353,196077.61865088352,507596.868246182,87012.31959100094
2023-11-06,6000000.0,607145.7905544147,-604301.8602606431,2100000.0,0.0,359.9999999999603,744256.2611357772,896900.8216095488,442987.89778462215,1614718.7021912734,190503.58360164167,530162.654458654,697734.1489247123
2023-11-13,6000000.0,620944.5585215606,-563190.5613344894,0.0,0.0,5760.000000000165,780051.9084929293,869304.6623181747,408056.3770880729,1759573.881394045,200432.54922719699,380070.0125108551,454931.6117816576
2023-11-20,6000000.0,634743.3264887064,-508061.1481010547,0.0,0.0,-12240.000000000251,799355.5499070458,834919.8878774716,387288.9112869325,1800622.475624502,192065.7630919897,256216.11999358342,-91969.88616917617
2023-11-27,6000000.0,648542.0944558522,-441619.8623857823,0.0,0.0,-50760.00000000001,775016.5123416552,765032.3338248943,410539.93203125725,1625449.3714663729,185910.51147860964,164619.388164489,-177966.28137734812
2023-12-04,6000000.0,662340.862422998,-366964.98846035043,0.0,0.0,-3239.999999999643,775290.407240451,839286.9832870583,413410.0367011443,1648597.6446385167,178685.69794325504,102221.60471759083,-97663.2484906641
2023-12-11,6000000.0,676139.6303901437,-287418.687076171,0.0,0.0,-23039.99999999986,734914.4013831852,845538.739252502,404104.2055858089,1676648.9456217545,173873.99992640206,62057.65133551277,152969.11358086223
2023-12-18,6000000.0,689938.3983572895,-206349.53097457468,0.0,0.0,73799.99999999987,727277.8368318896,819283.410105488,428639.6529606796,1644522.7288050998,183872.751693155,37140.635424053195,-31566.8832030812
2023-12-25,6000000.0,703737.1663244353,-126995.77830959824,0.0,900000.0,1799.9999999998017,677174.75531604,855638.5189783663,368128.11877292994,1666697.2255080838,159754.87298652244,20323.295908311935,-118573.17548508983
2024-01-01,6000000.0,717535.934291581,-49750.677556052135,600000.0,0.0,-113760.00000000026,730734.4018238793,927902.8512575249,392407.4742621845,1500791.2476216352,157038.60842443074,10720.469398799494,440154.6904760157
2024-01-08,6000000.0,731334.7022587269,17493.92041968631,0.0,0.0,-100080.00000000017,770827.4215289896,866043.7042380762,433525.3589204401,1568716.090684902,165047.9980897941,5155.189472089268,-34263.385612703074
2024-01-15,6000000.0,745133.4702258727,75585.03975199779,0.0,0.0,-112319.99999999962,665569.8963664955,933793.4213363059,391619.4580692831,1506274.686114426,167460.0574626291,1978.7661802203413,689877.2044927675
2024-01-22,6000000.0,758932.2381930185,123251.76207712275,0.0,0.0,-132119.99999999983,615540.8143771077,907393.3356437064,374949.74368858273,1438843.2265898963,170533.96193155786,511.50891117293304,27222.408587834205
2024-01-29,6000000.0,772731.0061601643,159912.6652035669,0.0,0.0,-177119.99999999968,684677.8958318942,871276.2107835683,355796.2813230702,1546779.7732958742,168855.3883651393,0.0,535595.7790367221
2024-02-05,6000000.0,786529.77412731,185677.95657520526,0.0,0.0,-96119.99999999981,644733.499809792,848991.5783670814,341031.08985282725,1655706.0743423337,162513.3503873008,0.0,107195.67653814761
2024-02-12,6000000.0,800328.5420944558,201310.86879661516,0.0,0.0,-145080.0,697451.6409017568,893757.0676090627,344605.17358032684,1731849.1044211392,171183.3295341364,0.0,288888.27306250884
2024-02-19,6000000.0,814127.3100616016,208151.0124857875,0.0,900000.0,-126719.99999999964,641714.5102808161,944377.9588810822,391733.1126656571,1717799.9334043807,173026.96147565704,0.0,-217383.79925498163
2024-02-26,6000000.0,827926.0780287473,208004.5826460534,0.0,0.0,-132119.99999999983,700827.7279585379,920121.4466538538,428897.62050136423,1586015.4137463681,167643.4140280042,0.0,-256127.28356292922
2024-03-04,6000000.0,841724.8459958931,203008.226225517,0.0,0.0,-180000.00000000015,666660.255651529,881873.128003173,400469.4072926598,1559226.3911514906,172124.76197481458,0.0,137911.98370492124
2024-03-11,6000000.0,855523.613963039,195474.89025156977,0.0,0.0,-163440.00000000038,660222.7128478131,872117.5559531917,436583.68463416956,1591489.26786508,168315.2982352196,0.0,296565.97624991887
2024-03-18,6000000.0,869322.3819301848,187730.99475632425,0.0,0.0,-192239.99999999962,714708.553527699,869514.2235428654,413857.41046124825,1542483.7788225769,161902.67530413056,0.0,12076.981654972764
2024-03-25,6000000.0,883121.1498973306,181954.753712973,0.0,0.0,-138599.9999999999,655757.7030095626,904921.0243187047,440948.5403086997,1521520.4811102834,169555.23911307304,0.0,-385917.8914706275
2024-04-01,6000000.0,896919.9178644763,180025.37304929257,0.0,0.0,-118799.99999999971,612484.4544404572,956540.4316779826,414762.1809822828,1587658.3657790185,167039.9912997568,0.0,-408077.7150932668
2024-04-08,6000000.0,910718.6858316221,183392.19333136603,0.0,0.0,-136080.0000000002,616617.977177167,871899.1136967291,403376.99437177286,1528079.823923191,165895.408507583,0.0,-428141.1968394328
2024-04-15,6000000.0,924517.4537987679,192971.65458622205,0.0,0.0,-152639.99999999997,656093.892232238,830750.794191724,402122.7389470464,1435756.5420463216,176228.44796155533,0.0,-530286.523763876
2024-04-22,6000000.0,938316.2217659137,209078.31121518332,0.0,900000.0,-150480.0000000002,592566.6964954684,944461.2412041093,478905.949069399,1422744.1777286166,151938.93073892285,0.0,32845.47178238576
2024-04-29,6000000.0,952114.9897330594,231394.11188363485,0.0,0.0,-105119.9999999996,658438.1197912757,876914.4938800946,460717.18791051593,1535953.2917280486,153402.85458306587,0.0,337512.9504903075
2024-05-06,6000000.0,965913.7577002054,258977.8995444027,0.0,0.0,-147239.99999999977,633117.1802890634,913088.1988178471,418540.00116353744,1515688.031831103,155418.27475226673,0.0,-4024.3440984244044
2024-05-13,6000000.0,979712.5256673512,290314.71153420274,0.0,0.0,-152280.00000000003,695846.23974537,840070.7207576277,427389.3370136999,1543577.2001043581,161713.16410945953,0.0,-678124.8989320685
2024-05-20,6000000.0,993511.293634497,323402.1068532631,0.0,0.0,-234719.99999999974,584034.8521871645,830904.425858019,403574.03331256844,1592577.672979272,163813.6645479216,0.0,-57228.04937270414
2024-05-27,6000000.0,1007310.0616016428,355868.5539094374,0.0,0.0,-211679.99999999985,599865.3786815818,839088.4173335276,386298.0584488947,1511964.3485727136,155748.8828871373,0.0,-48839.701434936025
2024-06-03,6000000.0,1021108.8295687885,385117.0046296924,0.0,900000.0,-113400.0000000003,571995.2961652101,833393.8641618327,409006.0237503851,1593188.0653172298,157790.97720974352,0.0,628799.9391971185
2024-06-10,6000000.0,1034907.5975359343,408485.27083265566,0.0,0.0,-133559.99999999968,596064.1995899463,845282.306427139,401820.2761572561,1588728.3919072265,159186.4051384839,0.0,-437141.4475886405
2024-06-17,6000000.0,1048706.36550308,423413.79408974503,0.0,0.0,-91440.00000000032,649663.3915883844,868399.5489141868,403523.4780593823,1438731.0779497384,183516.16209389237,0.0,-117202.81819841104
2024-06-24,6000000.0,1062505.1334702258,427610.9209181327,0.0,0.0,-122760.00000000007,650680.7374478601,896151.5911588036,399052.9950260802,1654957.3060069613,183186.9536987141,0.0,511755.3622732245
2024-07-01,6000000.0,1076303.9014373717,419205.8894791874,0.0,0.0,-155519.99999999965,648978.9735532528,937238.8541505199,404349.14839665865,1542134.2540267578,168119.02880362494,0.0,134993.95015262734
2024-07-08,6000000.0,1090102.6694045174,396880.39727551467,0.0,0.0,-187560.00000000012,653152.7880517881,877601.8346621192,410085.077198483,1380538.0038981622,165231.18877749448,0.0,168994.04073191955
2024-07-15,6000000.0,1103901.4373716633,359970.81402669626,0.0,0.0,-117719.99999999983,670545.7597593507,827900.0539484333,365803.8286863537,1352415.0239115285,159351.9739867757,0.0,34375.108309197836
2024-07-22,6000000.0,1117700.205338809,308534.7616026888,0.0,0.0,-120600.0000000003,629457.7253435449,886095.3927782644,395229.6108588933,1343628.5098495432,153068.17128449035,0.0,98982.62294376617
2024-07-29,6000000.0,1131498.9733059548,243377.80845170037,0.0,0.0,-66599.99999999985,686474.6232222855,917790.5305170339,374855.0668082803,1463587.6459547486,164476.84395132153,0.0,233282.50778867447
2024-08-05,6000000.0,1145297.7412731005,166038.30291072826,0.0,0.0,-138239.99999999997,704247.6012601928,871567.2205670311,353035.75818804954,1476755.829514755,160605.99814073005,0.0,-242845.45185458788
2024-08-12,6000000.0,1159096.5092402464,78730.76706974296,0.0,900000.0,-105840.00000000033,699702.2469025863,907633.6938969439,371143.1421898021,1477715.8906278836,166346.22283691762,0.0,263417.5272358763
2024-08-19,6000000.0,1172895.277207392,-15749.347624245262,0.0,900000.0,-124919.99999999983,706406.698199016,946786.1138294544,385651.77503382636,1586025.9629789777,157180.379617729,0.0,-411900.85924214916
2024-08-26,6000000.0,1186694.045174538,-114154.51725787723,0.0,0.0,-112319.99999999962,700092.1547867183,892867.0243237258,377084.3776397477,1602719.9476102078,161402.25286334334,0.0,98510.71485959688
2024-09-02,6000000.0,1200492.8131416836,-212940.64775178433,0.0,0.0,-140759.99999999968,783382.3321167849,899398.9826148797,412625.42635167105,1620417.2830129415,169952.20888870754,0.0,53622.601625115974
2024-09-09,6000000.0,1214291.5811088295,-308440.7094972759,0.0,0.0,-80639.99999999991,743163.8757885911,885039.2409886668,390603.46414302784,1675968.7389474604,177144.92948606843,0.0,-184888.12096536724
2024-09-16,6000000.0,1228090.3490759754,-397046.9299513447,0.0,0.0,-91080.00000000036,762385.1457905796,889443.4786886362,414319.7148227189,1786645.2648798563,186479.43267958224,0.0,-6805.455986004916
2024-09-23,6000000.0,1241889.1170431213,-475391.45466309757,1500000.0,0.0,-220679.99999999968,792489.6001750202,926103.3686652645,439854.009261694,1643596.374172609,183613.55245778512,177464.79307095837,-186762.36018335522
2024-09-30,6000000.0,1255687.885010267,-540515.4482533927,0.0,0.0,-97559.99999999965,806106.3565493712,895989.1492360011,474699.664131295,1757978.285261332,201250.38985122222,344470.8328053241,-321510.11459141865
2024-10-07,6000000.0,1269486.6529774128,-590017.2409880939,0.0,0.0,-104399.9999999997,792923.5585620685,891033.4035723862,498807.712390343,1628202.9563539964,191460.05108597077,487422.710731857,-106084.80468594
2024-10-14,6000000.0,1283285.4209445585,-622171.29765172,0.0,0.0,-210240.00000000003,797261.972931739,836141.8854980323,480711.7194184184,1774271.6726605294,198118.30046629364,518850.25283472345,-331196.92710257473
2024-10-21,6000000.0,1297084.1889117043,-636011.4264039862,0.0,0.0,-248759.99999999977,845319.3824109081,834319.0868720876,515365.1431206303,1835728.7217026677,196617.5009088089,534188.17278748,96839.22968970018
2024-10-28,6000000.0,1310882.95687885,-631373.6620932476,2100000.0,0.0,-101879.99999999997,892771.7921906554,999011.7514778156,522865.6220362042,1974203.732235566,189182.15617523692,566853.4214291048,-345025.770330187
2024-11-04,6000000.0,1324681.724845996,-608896.5353818935,0.0,0.0,-130680.0,896985.3789602679,895825.1975320209,486770.4868261511,2034381.1295277139,195178.44190532443,412774.41357554926,213592.7622088701
2024-11-11,6000000.0,1338480.4928131416,-569978.8453201752,0.0,900000.0,-156240.00000000038,849624.0079620162,916011.0237745262,456810.47537899914,1973045.672663405,198393.84660716035,281927.5826708019,-354443.2565498756
2024-11-18,6000000.0,1352279.2607802874,-516697.4505675701,0.0,900000.0,-206279.99999999965,878648.6081823002,902470.1106153206,473210.1503111309,1862736.704874811,196059.8367529954,182920.57463283493,-169888.7955821126
2024-11-25,6000000.0,1366078.028747433,-451689.8457166587,0.0,0.0,-108360.00000000006,851460.0114329256,896844.4073843547,467178.6817876857,1846484.9141514222,185276.2993786854,114352.00474456436,-187381.50191041536
2024-12-02,6000000.0,1379876.796714579,-378008.264996925,0.0,0.0,-135000.00000000032,780705.5500442208,788915.689388269,457972.6228269386,1724976.3715999492,190324.53558304338,69724.60787157196,397544.0909683526
2024-12-09,6000000.0,1393675.5646817249,-298953.6428010744,0.0,0.0,-172080.00000000023,721250.341845453,781143.5925761223,449655.94179400074,1686309.6470766417,185425.2512258454,41842.394665419495,99086.90893586543
2024-12-16,6000000.0,1407474.3326488705,-217898.86818677376,0.0,0.0,-159480.00000000003,752053.5691333702,834514.6430948271,451392.1694245439,1770477.5420010805,176059.87291768458,22834.316944733244,-63520.57797833357
2024-12-23,6000000.0,1421273.1006160164,-138111.33562014034,0.0,0.0,-130320.00000000003,761814.8212791311,947786.5250619987,476006.50575177214,1683961.867613077,183635.42978115677,11724.580755763667,149615.5047612242
2024-12-30,6000000.0,1435071.868583162,-62584.78489012038,600000.0,0.0,-139319.99999999985,710039.267683251,946941.3391084144,447977.5470138145,1794073.3684375088,195574.06439027606,5224.228941886515,-632157.8992681915
2025-01-06,6000000.0,1448870.636550308,-857.0827778778545,0.0,0.0,-244440.00000000026,746010.3090664779,942471.5660266351,427672.2055679051,1818957.387001446,197340.47921659524,2133.8715040437096,-12940.372155534698
2025-01-13,6000000.0,1462669.4045174539,60008.42149460774,0.0,0.0,-285119.99999999977,756076.8251525945,898089.6406308074,411371.7254060568,1673049.1198152332,173660.59157609937,616.4946778368757,599253.7767293098
2025-01-20,6000000.0,1476468.1724845995,110743.41961454801,0.0,0.0,-284039.9999999999,698168.4474017146,895110.4776354983,429003.8074571439,1754341.8065443642,167632.51293660316,0.0,39704.35592553019
2025-01-27,6000000.0,1490266.9404517454,150567.46232250848,0.0,900000.0,-302040.0000000003,715287.1672933946,965401.9946310521,461728.8993901786,1750878.0536728846,182434.57215621273,0.0,20373.91008202439
2025-02-03,6000000.0,1504065.708418891,179395.33693743308,0.0,0.0,-273600.00000000023,654631.800501533,944462.2257230405,440754.761718926,1693222.7493830945,167462.21805746487,0.0,164438.19925961905
2025-02-10,6000000.0,1517864.476386037,197809.92872046007,0.0,0.0,-310680.0000000002,752976.0315171587,939783.5545023121,388443.0937021745,1587408.4482409507,162393.8268649039,0.0,268681.6400660041
2025-02-17,6000000.0,1531663.2443531826,206996.0353134033,0.0,0.0,-330119.9999999996,780591.108652524,904592.1717153263,368373.0293932009,1523588.2514965108,167332.53783729248,0.0,-599240.3787614403
2025-02-24,6000000.0,1545462.0123203285,208639.42583953377,0.0,0.0,-299519.99999999977,728485.8792349437,917751.1602693333,375688.5537152111,1526860.8205845803,174835.52137485586,0.0,-504698.373338785
2025-03-03,6000000.0,1559260.7802874742,204797.4425507968,0.0,0.0,-306359.9999999998,735706.775117708,902986.5344800653,387099.91281887906,1648454.2492862595,172736.02002538915,0.0,63087.28543342853
2025-03-10,6000000.0,1573059.54825462,197749.07885281142,0.0,0.0,-295560.00000000023,632704.2882821183,929331.0921883911,397879.09612401325,1551525.1350889376,168626.844783904,0.0,-214463.08357479822
2025-03-17,6000000.0,1586858.3162217657,189833.63880442802,0.0,0.0,-293759.9999999996,641058.3259196193,942312.279402027,415689.15641516214,1649308.5187568427,167744.08732339554,0.0,393607.67715676007
2025-03-24,6000000.0,1600657.0841889116,183287.7223592617,0.0,0.0,-267840.00000000006,681070.4517858091,888841.0819009013,418099.40835427586,1529944.5302445462,167427.94542739875,0.0,-94552.22426110714
2025-03-31,6000000.0,1614455.8521560573,180090.3510872837,0.0,0.0,-305279.99999999994,663400.7637922114,874197.7484735143,454880.85771152,1573979.303081582,166326.40618455675,0.0,-580359.2824867233
2025-04-07,6000000.0,1628254.6201232031,181825.54719658705,0.0,0.0,-290160.0,735237.7680243616,927098.4235946623,435162.44023549854,1627625.0672810795,188973.76445436967,0.0,-380404.6309097608
2025-04-14,6000000.0,1642053.3880903493,189570.6338041911,0.0,0.0,-369000.0000000001,818086.5492861961,967432.4634986675,419063.27749249013,1905764.662216632,179271.60491253439,0.0,-824902.5793010594
2025-04-21,6000000.0,1655852.1560574947,203816.9974337107,0.0,0.0,-350279.99999999977,715871.1669981523,888856.1373173252,441720.9486417629,1694460.2918346636,181439.6747939793,0.0,-70237.3730770893
2025-04-28,6000000.0,1669650.9240246408,224428.13339825062,0.0,0.0,-307799.99999999965,689182.4402643781,873893.0805861902,410526.03271536506,1822641.395754366,172486.55077521107,0.0,-56515.557518400376
2025-05-05,6000000.0,1683449.6919917862,250637.59257643615,0.0,900000.0,-266400.00000000023,726043.2098555828,966867.836329054,435929.23894947994,1753313.5563046425,172825.7457773788,0.0,-127338.87178435853
2025-05-12,6000000.0,1697248.4599589324,281087.091944906,0.0,0.0,-253800.00000000003,801474.1601169446,940498.965077886,443625.0466475979,1743590.8441437792,169346.56489615294,0.0,323663.8672138002
2025-05-19,6000000.0,1711047.227926078,313902.6778587822,0.0,900000.0,-336599.9999999997,710594.2263829918,1040718.904007323,442708.56476551876,1713378.6824266666,155570.4890290855,0.0,359556.2276035556
2025-05-26,6000000.0,1724845.995893224,346804.57826398243,0.0,0.0,-303120.0000000002,736782.3516476797,964600.9012748594,487546.42345570674,1732207.5046036895,161542.1951841016,0.0,-51116.95032324504
2025-06-02,6000000.0,1738644.7638603696,377244.3786327195,0.0,0.0,-311040.0000000001,817932.9186971147,928057.4355215805,461027.91604474536,1685917.5154699942,159811.9565446994,0.0,-640407.8847712228
2025-06-09,6000000.0,1752443.5318275155,402561.52278188645,0.0,0.0,-231120.00000000012,704680.9559077766,900595.6029571485,511350.741590647,1828550.073659953,156558.95420248137,0.0,185184.61707259354
2025-06-16,6000000.0,1766242.299794661,420149.9689763137,0.0,900000.0,-327239.99999999994,673907.436104347,972610.4865195166,485623.105828651,1715446.327425075,163410.09463264924,0.0,166608.280718787
2025-06-23,6000000.0,1780041.067761807,427625.1922135378,0.0,0.0,-309960.00000000023,699385.4637873152,949482.019032658,448209.4170528821,1808618.1259336178,182964.4450315216,0.0,92817.26918666309
2025-06-30,6000000.0,1793839.8357289527,422981.6530191498,0.0,0.0,-253800.00000000003,704921.4918198471,916623.7877171935,453620.7601515575,1691422.6967349318,176987.60563188756,0.0,294444.1691964806
2025-07-07,6000000.0,1807638.6036960986,404731.3562578103,0.0,0.0,-276839.9999999999,766515.7502904786,1010133.1648314318,431799.2364617865,1683035.8019022166,185293.75267077683,0.0,-349448.6661105971
2025-07-14,6000000.0,1821437.3716632442,372015.172023011,0.0,0.0,-303120.0000000002,762682.5637256961,1014044.4730070858,425497.5019468968,1586850.188552721,180872.69682846256,0.0,602627.0322528823
2025-07-21,6000000.0,1835236.13963039,324680.12470660795,0.0,0.0,-295560.00000000023,682032.0268573451,1007402.4122668807,450554.8306963877,1697582.0655168232,182688.41986303226,0.0,-287828.01953746687
2025-07-28,6000000.0,1849034.9075975358,263317.78787334403,0.0,0.0,-283320.0,748963.8999563698,923678.9568465699,469098.63450788835,1843692.5473719174,171585.60179345362,0.0,224766.66405291803
2025-08-04,6000000.0,1862833.6755646816,189261.1405616569,0.0,900000.0,-290160.0,725062.0121232903,985373.0220707345,453042.55264746986,1763956.7207284255,179359.60751203744,0.0,-506204.73120829655
2025-08-11,6000000.0,1876632.4435318273,104539.61746604506,0.0,0.0,-284759.9999999998,799684.021802366,978363.127748318,482932.34574049077,1713217.6871154879,182416.2034330399,0.0,-279079.4468375763
2025-08-18,6000000.0,1890431.2114989732,11794.48423604086,0.0,0.0,-299159.9999999998,744672.3770211481,948287.7123899708,504361.3250264356,1608052.6426550306,174201.6541097846,0.0,454910.59306261706
2025-08-25,6000000.0,1904229.9794661188,-85841.04840066,0.0,0.0,-346680.0000000002,727795.5656268965,984965.9555405078,525142.6249480402,1647790.2571510521,181154.70619241905,0.0,-78270.04052437555
2025-09-01,6000000.0,1918028.7474332647,-184890.52345489213,0.0,900000.0,-201240.00000000023,789175.7065237814,1001129.6390261936,520942.4156229524,1556541.472818091,184993.19963747016,0.0,251976.34239314
2025-09-08,6000000.0,1931827.5154004109,-281703.63203608664,0.0,0.0,-285119.99999999977,858331.8009849875,961158.3665412752,551997.0419176465,1637898.164643841,184114.49141650443,0.0,71086.25113142068
2025-09-15,6000000.0,1945626.2833675563,-372636.9785003209,0.0,0.0,-300239.9999999997,921190.3352103898,965936.7524558832,516919.7355179729,1873953.9466073096,189042.70239193522,159010.21104265872,-31486.98809338788
2025-09-22,6000000.0,1959425.0513347024,-454236.215948859,1500000.0,0.0,-304560.00000000006,887963.3997805243,1049796.8987740744,542618.6709502243,2092936.6711646311,196707.58274630576,352843.26573946397,409154.67545893014
2025-09-29,6000000.0,1973223.8193018478,-523409.4469158121,0.0,0.0,-280440.0000000003,988872.2923375319,943665.6952203141,547877.6865699146,2262472.2264332157,208860.24527350484,451052.06809494743,-70997.58631546449
2025-10-06,6000000.0,1987022.587268994,-577582.256733834,0.0,0.0,-230400.0000000002,945358.4041240138,943958.087384133,572124.0411664936,2145847.6949328245,211538.92945550743,514296.1880629472,-534221.6756610803
2025-10-13,6000000.0,2000821.3552361394,-614825.7702659066,0.0,0.0,-305639.9999999999,981361.9248546151,923990.2874493174,568939.2615463996,2181740.733344553,203881.56920661754,590479.2545029417,-240971.61587467554
2025-10-20,6000000.0,2014620.1232032855,-633950.6379147071,2100000.0,0.0,-356039.99999999994,921504.8973657025,1006744.5146455369,575513.0570345616,2126984.35040326,207488.57559316,605351.4325753725,165357.68709382517
2025-10-27,6000000.0,2028418.8911704312,-634561.7772150675,0.0,0.0,-238680.0000000001,971122.0979359921,979985.9579215721,624188.8872183255,2064628.720957528,210009.2221660772,448215.9874404624,118653.01240467731
2025-11-03,6000000.0,2042217.659137577,-617070.9117014756,0.0,0.0,-324720.00000000023,912098.206129973,992708.858180515,600635.3051960543,2050064.5267579402,206891.5083725776,310566.6021745469,-470117.7542477086
2025-11-10,6000000.0,2056016.4271047227,-582666.3319686096,0.0,900000.0,-281880.0000000001,841752.9499483417,1018242.681554319,587668.7520088727,1988509.409441915,207468.8398407561,203734.06810741316,-217302.7960377309
2025-11-17,6000000.0,2069815.1950718686,-533241.7181101347,0.0,0.0,-291599.9999999999,873060.3207660643,950281.9527581445,558765.4363947203,1929188.4790840205,200973.56914884303,128348.02925542695,-174516.26436895353
2025-11-24,6000000.0,2083613.9630390143,-471288.16947038745,0.0,0.0,-255959.9999999998,842231.24287675,952088.6809552996,539434.3267943418,1834410.5658820996,180922.06747133285,78654.22373483512,-109640.90128328679
2025-12-01,6000000.0,2097412.73100616,-399755.65454190463,0.0,0.0,-281880.0000000001,784524.4521194655,902320.4233338187,522093.57220788003,1689682.573275352,193232.26529028083,47350.73611579137,-412774.0988068419
2025-12-08,6000000.0,2111211.498973306,-321891.8024080777,0.0,0.0,-340560.00000000006,852385.3724878683,896129.7877087665,520467.5418810365,1589620.720469657,179971.00617048988,26252.89657322841,-188511.02185627545
2025-12-15,6000000.0,2125010.2669404517,-241067.2095628841,0.0,900000.0,-314639.9999999997,801490.86842272,926180.2267729047,539513.4726919314,1785404.2440804245,189510.68110867945,13512.110415545989,-218582.66086977444
2025-12-22,6000000.0,2138809.034907597,-160597.16074975015,0.0,0.0,-356039.99999999994,820695.7529966811,948027.0772971269,568461.1735943827,1788311.6697288954,187402.15824899622,6503.3375875431975,231459.9563885282
